-- MySQL dump 10.13  Distrib 8.0.30, for macos12 (x86_64)
--
-- Host: localhost    Database: elan
-- ------------------------------------------------------
-- Server version	8.0.32

/*!40101 SET @OLD_CHARACTER_SET_CLIENT=@@CHARACTER_SET_CLIENT */;
/*!40101 SET @OLD_CHARACTER_SET_RESULTS=@@CHARACTER_SET_RESULTS */;
/*!40101 SET @OLD_COLLATION_CONNECTION=@@COLLATION_CONNECTION */;
/*!50503 SET NAMES utf8 */;
/*!40103 SET @OLD_TIME_ZONE=@@TIME_ZONE */;
/*!40103 SET TIME_ZONE='+00:00' */;
/*!40014 SET @OLD_UNIQUE_CHECKS=@@UNIQUE_CHECKS, UNIQUE_CHECKS=0 */;
/*!40014 SET @OLD_FOREIGN_KEY_CHECKS=@@FOREIGN_KEY_CHECKS, FOREIGN_KEY_CHECKS=0 */;
/*!40101 SET @OLD_SQL_MODE=@@SQL_MODE, SQL_MODE='NO_AUTO_VALUE_ON_ZERO' */;
/*!40111 SET @OLD_SQL_NOTES=@@SQL_NOTES, SQL_NOTES=0 */;

--
-- Table structure for table `ar_internal_metadata`
--

DROP TABLE IF EXISTS `ar_internal_metadata`;
/*!40101 SET @saved_cs_client     = @@character_set_client */;
/*!50503 SET character_set_client = utf8mb4 */;
CREATE TABLE `ar_internal_metadata` (
  `key` varchar(255) NOT NULL,
  `value` varchar(255) DEFAULT NULL,
  `created_at` datetime(6) NOT NULL,
  `updated_at` datetime(6) NOT NULL,
  PRIMARY KEY (`key`)
) ENGINE=InnoDB DEFAULT CHARSET=utf8mb3;
/*!40101 SET character_set_client = @saved_cs_client */;

--
-- Dumping data for table `ar_internal_metadata`
--

LOCK TABLES `ar_internal_metadata` WRITE;
/*!40000 ALTER TABLE `ar_internal_metadata` DISABLE KEYS */;
INSERT INTO `ar_internal_metadata` VALUES ('environment','development','2023-08-23 11:52:36.210895','2023-08-23 11:52:36.210895');
/*!40000 ALTER TABLE `ar_internal_metadata` ENABLE KEYS */;
UNLOCK TABLES;

--
-- Table structure for table `authors`
--

DROP TABLE IF EXISTS `authors`;
/*!40101 SET @saved_cs_client     = @@character_set_client */;
/*!50503 SET character_set_client = utf8mb4 */;
CREATE TABLE `authors` (
  `id` bigint NOT NULL AUTO_INCREMENT,
  `name` varchar(255) DEFAULT NULL,
  `active` tinyint(1) DEFAULT '1',
  `code` varchar(255) DEFAULT NULL,
  `image_data` text,
  `created_at` datetime(6) NOT NULL,
  `updated_at` datetime(6) NOT NULL,
  PRIMARY KEY (`id`)
) ENGINE=InnoDB AUTO_INCREMENT=4 DEFAULT CHARSET=utf8mb4 COLLATE=utf8mb4_0900_ai_ci;
/*!40101 SET character_set_client = @saved_cs_client */;

--
-- Dumping data for table `authors`
--

LOCK TABLES `authors` WRITE;
/*!40000 ALTER TABLE `authors` DISABLE KEYS */;
INSERT INTO `authors` VALUES (2,'Kartik Gheewala',1,'kartik_gheewala','{\"id\":\"author/2/image/22a2050454beb148e1c2aef04ebd679a.png\",\"storage\":\"store\",\"metadata\":{\"filename\":\"group_81.png\",\"size\":16640,\"mime_type\":\"image/png\"},\"derivatives\":{\"small\":{\"id\":\"author/2/image/small-829f437412551e741400b337848522ec.png\",\"storage\":\"store\",\"metadata\":{\"filename\":\"image_processing20231110-28165-phj9wd.png\",\"size\":30063,\"mime_type\":null}},\"medium\":{\"id\":\"author/2/image/medium-9811d494dd4801defc4a51e9eb629fd5.png\",\"storage\":\"store\",\"metadata\":{\"filename\":\"image_processing20231110-28165-uxxpjh.png\",\"size\":8446,\"mime_type\":null}},\"large\":{\"id\":\"author/2/image/large-c4a48590055b48e23ca80e12d194fd1b.png\",\"storage\":\"store\",\"metadata\":{\"filename\":\"image_processing20231110-28165-drgkms.png\",\"size\":8446,\"mime_type\":null}}}}','2023-11-10 10:05:46.930140','2023-11-10 10:05:48.583675'),(3,'Rails Ruby',1,'rails_ruby','{\"id\":\"author/3/image/f2b5979826416b6012e55869142ac4df.png\",\"storage\":\"store\",\"metadata\":{\"filename\":\"group_79.png\",\"size\":13191,\"mime_type\":\"image/png\"},\"derivatives\":{\"small\":{\"id\":\"author/3/image/small-865a491f07573557729a5da02d6b6b02.png\",\"storage\":\"store\",\"metadata\":{\"filename\":\"image_processing20231110-28165-ay35ca.png\",\"size\":20563,\"mime_type\":null}},\"medium\":{\"id\":\"author/3/image/medium-063a2d10eaefb35ca568167d2094d9fd.png\",\"storage\":\"store\",\"metadata\":{\"filename\":\"image_processing20231110-28165-feeada.png\",\"size\":6853,\"mime_type\":null}},\"large\":{\"id\":\"author/3/image/large-a87bcc3c35c72e79e5219b1bdbd95926.png\",\"storage\":\"store\",\"metadata\":{\"filename\":\"image_processing20231110-28165-q7ul9w.png\",\"size\":6853,\"mime_type\":null}}}}','2023-11-10 10:21:00.311889','2023-11-10 10:21:00.731465');
/*!40000 ALTER TABLE `authors` ENABLE KEYS */;
UNLOCK TABLES;

--
-- Table structure for table `blog_blog_types`
--

DROP TABLE IF EXISTS `blog_blog_types`;
/*!40101 SET @saved_cs_client     = @@character_set_client */;
/*!50503 SET character_set_client = utf8mb4 */;
CREATE TABLE `blog_blog_types` (
  `id` bigint NOT NULL AUTO_INCREMENT,
  `blog_id` bigint NOT NULL,
  `blog_type_id` bigint NOT NULL,
  `created_at` datetime(6) NOT NULL,
  `updated_at` datetime(6) NOT NULL,
  PRIMARY KEY (`id`),
  KEY `index_blog_blog_types_on_blog_id` (`blog_id`),
  KEY `index_blog_blog_types_on_blog_type_id` (`blog_type_id`),
  CONSTRAINT `fk_rails_6d788770a4` FOREIGN KEY (`blog_id`) REFERENCES `blogs` (`id`),
  CONSTRAINT `fk_rails_c27a47ec5f` FOREIGN KEY (`blog_type_id`) REFERENCES `blog_types` (`id`)
) ENGINE=InnoDB AUTO_INCREMENT=5 DEFAULT CHARSET=utf8mb4 COLLATE=utf8mb4_0900_ai_ci;
/*!40101 SET character_set_client = @saved_cs_client */;

--
-- Dumping data for table `blog_blog_types`
--

LOCK TABLES `blog_blog_types` WRITE;
/*!40000 ALTER TABLE `blog_blog_types` DISABLE KEYS */;
INSERT INTO `blog_blog_types` VALUES (1,18,3,'2023-11-10 11:12:12.496386','2023-11-10 11:12:12.496386'),(2,18,4,'2023-11-10 11:12:12.519155','2023-11-10 11:12:12.519155'),(3,7,3,'2023-11-13 05:50:21.429848','2023-11-13 05:50:21.429848'),(4,9,4,'2023-11-13 13:21:23.334542','2023-11-13 13:21:23.334542');
/*!40000 ALTER TABLE `blog_blog_types` ENABLE KEYS */;
UNLOCK TABLES;

--
-- Table structure for table `blog_types`
--

DROP TABLE IF EXISTS `blog_types`;
/*!40101 SET @saved_cs_client     = @@character_set_client */;
/*!50503 SET character_set_client = utf8mb4 */;
CREATE TABLE `blog_types` (
  `id` bigint NOT NULL AUTO_INCREMENT,
  `name` varchar(255) DEFAULT NULL,
  `active` tinyint(1) DEFAULT '1',
  `code` varchar(255) DEFAULT NULL,
  `created_at` datetime(6) NOT NULL,
  `updated_at` datetime(6) NOT NULL,
  PRIMARY KEY (`id`)
) ENGINE=InnoDB AUTO_INCREMENT=5 DEFAULT CHARSET=utf8mb4 COLLATE=utf8mb4_0900_ai_ci;
/*!40101 SET character_set_client = @saved_cs_client */;

--
-- Dumping data for table `blog_types`
--

LOCK TABLES `blog_types` WRITE;
/*!40000 ALTER TABLE `blog_types` DISABLE KEYS */;
INSERT INTO `blog_types` VALUES (2,'asasasasas',1,'asasasasas','2023-11-10 07:00:52.597994','2023-11-10 07:00:56.370667'),(3,'Hero',1,'hero','2023-11-10 10:21:11.249416','2023-11-10 10:21:11.249416'),(4,'Demo',1,'demo','2023-11-10 10:21:15.826924','2023-11-10 10:21:15.826924');
/*!40000 ALTER TABLE `blog_types` ENABLE KEYS */;
UNLOCK TABLES;

--
-- Table structure for table `blogs`
--

DROP TABLE IF EXISTS `blogs`;
/*!40101 SET @saved_cs_client     = @@character_set_client */;
/*!50503 SET character_set_client = utf8mb4 */;
CREATE TABLE `blogs` (
  `id` bigint NOT NULL AUTO_INCREMENT,
  `title` varchar(255) DEFAULT NULL,
  `name` varchar(255) DEFAULT NULL,
  `state` varchar(255) DEFAULT NULL,
  `slug` text,
  `description1` text,
  `description2` text,
  `image_data` text,
  `author_id` bigint NOT NULL,
  `published_dt` date DEFAULT NULL,
  `created_at` datetime(6) NOT NULL,
  `updated_at` datetime(6) NOT NULL,
  `is_featured` tinyint(1) DEFAULT '0',
  `square_image_data` text,
  PRIMARY KEY (`id`),
  KEY `index_blogs_on_author_id` (`author_id`),
  CONSTRAINT `fk_rails_875c2b8fca` FOREIGN KEY (`author_id`) REFERENCES `authors` (`id`)
) ENGINE=InnoDB AUTO_INCREMENT=19 DEFAULT CHARSET=utf8mb4 COLLATE=utf8mb4_0900_ai_ci;
/*!40101 SET character_set_client = @saved_cs_client */;

--
-- Dumping data for table `blogs`
--

LOCK TABLES `blogs` WRITE;
/*!40000 ALTER TABLE `blogs` DISABLE KEYS */;
INSERT INTO `blogs` VALUES (7,'asa asasa sas as as as ','asa asasa sas as as as ','Published','asa-asasa-sas-as-as-as','asa asasa sas as as as ','                                                                        asa asasa sas as as as asa asasa sas as as as asa asasa sas as as as asa asasa sas as as as asa asasa sas as as as asa asasa sas as as as asa asasa sas as as as asa asasa sas as as as asa asasa sas as as as             \r\n        \r\n        \r\n        \r\n        \r\n        \r\n        \r\n        ','{\"id\":\"blog/7/image/0768f62af0d54a90f7d85765b5431d4a.png\",\"storage\":\"store\",\"metadata\":{\"filename\":\"Rectangle 47.png\",\"size\":1597390,\"mime_type\":\"image/png\"},\"derivatives\":{\"small\":{\"id\":\"blog/7/image/small-7c5a19cdf2c9b44c930ce5c6f4065ab5.png\",\"storage\":\"store\",\"metadata\":{\"filename\":\"image_processing20231113-21187-fcc562.png\",\"size\":57129,\"mime_type\":null}},\"medium\":{\"id\":\"blog/7/image/medium-49299056369d60c958d206fbbc9cf047.png\",\"storage\":\"store\",\"metadata\":{\"filename\":\"image_processing20231113-21187-jhvcd0.png\",\"size\":196190,\"mime_type\":null}},\"large\":{\"id\":\"blog/7/image/large-ea569e3496ea568f6325655f087f3790.png\",\"storage\":\"store\",\"metadata\":{\"filename\":\"image_processing20231113-21187-kdttpl.png\",\"size\":334054,\"mime_type\":null}}}}',3,'2023-11-13','2023-11-10 10:30:40.772726','2023-11-13 14:53:58.886958',1,'{\"id\":\"blog/7/square_image/20aa76916945c3a9ae131e8c814fe8ef.png\",\"storage\":\"store\",\"metadata\":{\"filename\":\"Rectangle 8.png\",\"size\":814866,\"mime_type\":\"image/png\"},\"derivatives\":{\"small\":{\"id\":\"blog/7/square_image/small-e54c7c73d3758ee67c9dcebfd2a5b687.png\",\"storage\":\"store\",\"metadata\":{\"filename\":\"image_processing20231113-21187-23rs3q.png\",\"size\":117810,\"mime_type\":null}},\"medium\":{\"id\":\"blog/7/square_image/medium-6bfe074a0b892d8d90d969d012fd349b.png\",\"storage\":\"store\",\"metadata\":{\"filename\":\"image_processing20231113-21187-76gapm.png\",\"size\":427499,\"mime_type\":null}},\"large\":{\"id\":\"blog/7/square_image/large-4d26d889707f047c65dab3d2c90f323b.png\",\"storage\":\"store\",\"metadata\":{\"filename\":\"image_processing20231113-21187-ln2kxf.png\",\"size\":701624,\"mime_type\":null}}}}'),(8,'country code code','country country v','Published','country-country-v-v-country-countrycountrycountry','countrycountrycountrycountrycountrycountrycountrycountrycountry','                                                            <div style=\"color: rgb(204, 204, 204); background-color: rgb(31, 31, 31); font-family: Menlo, Monaco, \" courier=\"\" new\",=\"\" monospace;=\"\" font-size:=\"\" 12px;=\"\" line-height:=\"\" 18px;=\"\" white-space:=\"\" pre;\"=\"\"><span style=\"color: #569cd6;\">country</span><span style=\"color: rgb(86, 156, 214);\">country</span><span style=\"color: rgb(86, 156, 214);\">country</span><span style=\"color: rgb(86, 156, 214);\">country</span><span style=\"color: rgb(86, 156, 214);\">country</span><span style=\"color: rgb(86, 156, 214);\">country</span><span style=\"color: rgb(86, 156, 214);\">country</span><span style=\"color: rgb(86, 156, 214);\">country</span><span style=\"color: rgb(86, 156, 214);\">country</span></div>            \r\n        \r\n        \r\n        \r\n        \r\n        \r\n        ','{\"id\":\"blog/8/image/b96b99c84f1fd8e91fe5a15b7fc9aec2.png\",\"storage\":\"store\",\"metadata\":{\"filename\":\"Rectangle 47.png\",\"size\":1597390,\"mime_type\":\"image/png\"},\"derivatives\":{\"small\":{\"id\":\"blog/8/image/small-cdd4d14c5fa99231ee1d58dd396ca1d8.png\",\"storage\":\"store\",\"metadata\":{\"filename\":\"image_processing20231113-21187-64io8g.png\",\"size\":57129,\"mime_type\":null}},\"medium\":{\"id\":\"blog/8/image/medium-7c3428c66abaff861144df89d4f7a73c.png\",\"storage\":\"store\",\"metadata\":{\"filename\":\"image_processing20231113-21187-nbkgmw.png\",\"size\":196190,\"mime_type\":null}},\"large\":{\"id\":\"blog/8/image/large-496ecbe6e3d531689c7c60252614b090.png\",\"storage\":\"store\",\"metadata\":{\"filename\":\"image_processing20231113-21187-idhz5.png\",\"size\":334054,\"mime_type\":null}}}}',3,'2023-11-13','2023-11-10 10:37:03.772387','2023-11-13 14:57:27.193852',1,'{\"id\":\"blog/8/square_image/39ee4f7c04a8cf32100b0e15eec59658.png\",\"storage\":\"store\",\"metadata\":{\"filename\":\"Rectangle 8.png\",\"size\":814866,\"mime_type\":\"image/png\"},\"derivatives\":{\"small\":{\"id\":\"blog/8/square_image/small-706185202fb10520eb94cbcb358e17ab.png\",\"storage\":\"store\",\"metadata\":{\"filename\":\"image_processing20231113-21187-h2hoy8.png\",\"size\":117810,\"mime_type\":null}},\"medium\":{\"id\":\"blog/8/square_image/medium-dcd8b0982349e1341092629a1bd20604.png\",\"storage\":\"store\",\"metadata\":{\"filename\":\"image_processing20231113-21187-8fvey9.png\",\"size\":427499,\"mime_type\":null}},\"large\":{\"id\":\"blog/8/square_image/large-b1ee5fcd85d558f7226c595b6d8f11c7.png\",\"storage\":\"store\",\"metadata\":{\"filename\":\"image_processing20231113-21187-1bswdq.png\",\"size\":701624,\"mime_type\":null}}}}'),(9,'countrycountry country country country','country country v v country countrycountrycountry','Published','country-country-v-v-country-countrycountrycountry-365c3a24-2970-411d-b435-30c99c6542fd','countrycountrycountrycountrycountrycountrycountrycountrycountry','                        <div style=\"color: rgb(204, 204, 204); background-color: rgb(31, 31, 31); font-family: Menlo, Monaco, \"Courier New\", monospace; font-size: 12px; line-height: 18px; white-space: pre;\"><span style=\"color: #569cd6;\">country</span><span style=\"color: rgb(86, 156, 214);\">country</span><span style=\"color: rgb(86, 156, 214);\">country</span><span style=\"color: rgb(86, 156, 214);\">country</span><span style=\"color: rgb(86, 156, 214);\">country</span><span style=\"color: rgb(86, 156, 214);\">country</span><span style=\"color: rgb(86, 156, 214);\">country</span><span style=\"color: rgb(86, 156, 214);\">country</span><span style=\"color: rgb(86, 156, 214);\">country</span></div><hr><div style=\"color: rgb(204, 204, 204); background-color: rgb(31, 31, 31); font-family: Menlo, Monaco, \"Courier New\", monospace; font-size: 12px; line-height: 18px; white-space: pre;\"><div style=\"line-height: 18px;\"><span style=\"color: #569cd6;\">country</span></div><div style=\"line-height: 18px;\"><div style=\"line-height: 18px;\"><span style=\"color: #569cd6;\">country</span></div></div></div><hr><div style=\"color: rgb(204, 204, 204); background-color: rgb(31, 31, 31); font-family: Menlo, Monaco, \"Courier New\", monospace; font-size: 12px; line-height: 18px; white-space: pre;\"><div style=\"line-height: 18px;\"><div style=\"line-height: 18px;\"><span style=\"color: #569cd6;\">v</span></div></div></div><hr><div style=\"color: rgb(204, 204, 204); background-color: rgb(31, 31, 31); font-family: Menlo, Monaco, \"Courier New\", monospace; font-size: 12px; line-height: 18px; white-space: pre;\"><div style=\"line-height: 18px;\"><div style=\"line-height: 18px;\"><span style=\"color: #569cd6;\">v</span></div></div></div><hr><div style=\"color: rgb(204, 204, 204); background-color: rgb(31, 31, 31); font-family: Menlo, Monaco, \"Courier New\", monospace; font-size: 12px; line-height: 18px; white-space: pre;\"><div style=\"line-height: 18px;\"><div style=\"line-height: 18px;\"><span style=\"color: #569cd6;\">v</span></div></div></div>            \r\n        \r\n        \r\n        ','{\"id\":\"blog/9/image/aa20e2fd0966b1dfb3176de6a24f54e2.png\",\"storage\":\"store\",\"metadata\":{\"filename\":\"Rectangle 47.png\",\"size\":1597390,\"mime_type\":\"image/png\"},\"derivatives\":{\"small\":{\"id\":\"blog/9/image/small-2129e6796b5338a58ab84b5d9c0bcabb.png\",\"storage\":\"store\",\"metadata\":{\"filename\":\"image_processing20231113-21187-y11eh9.png\",\"size\":57129,\"mime_type\":null}},\"medium\":{\"id\":\"blog/9/image/medium-7ec34ad26b4e02f6658a4ea2eb17cdda.png\",\"storage\":\"store\",\"metadata\":{\"filename\":\"image_processing20231113-21187-3utca1.png\",\"size\":196190,\"mime_type\":null}},\"large\":{\"id\":\"blog/9/image/large-5531f48534ba515edcb9a7763466f6a7.png\",\"storage\":\"store\",\"metadata\":{\"filename\":\"image_processing20231113-21187-hz4vyx.png\",\"size\":334054,\"mime_type\":null}}}}',3,'2023-11-13','2023-11-10 10:38:18.829046','2023-11-13 14:57:45.642713',1,'{\"id\":\"blog/9/square_image/a5e9a58e94c2fc50d0f4bf8cb08c8ae2.png\",\"storage\":\"store\",\"metadata\":{\"filename\":\"Rectangle 8.png\",\"size\":814866,\"mime_type\":\"image/png\"},\"derivatives\":{\"small\":{\"id\":\"blog/9/square_image/small-585e90aeace3c15a2267760dafdcbe8f.png\",\"storage\":\"store\",\"metadata\":{\"filename\":\"image_processing20231113-21187-f5uwie.png\",\"size\":117810,\"mime_type\":null}},\"medium\":{\"id\":\"blog/9/square_image/medium-dd4aee7b64caaf424cf7d2f8fa674eac.png\",\"storage\":\"store\",\"metadata\":{\"filename\":\"image_processing20231113-21187-vy3tq6.png\",\"size\":427499,\"mime_type\":null}},\"large\":{\"id\":\"blog/9/square_image/large-dfb63ddd9af213ba4e3f173a3856fea8.png\",\"storage\":\"store\",\"metadata\":{\"filename\":\"image_processing20231113-21187-uprfv5.png\",\"size\":701624,\"mime_type\":null}}}}'),(10,'countrycountry country country country','country country v v country countrycountrycountry','Published','country-country-v-v-country-countrycountrycountry-0189cf4a-11c4-43e3-a6da-d720f800a11f','countrycountrycountrycountrycountrycountrycountrycountrycountry','            <div style=\"color: rgb(204, 204, 204); background-color: rgb(31, 31, 31); font-family: Menlo, Monaco, \"Courier New\", monospace; font-size: 12px; line-height: 18px; white-space: pre;\"><span style=\"color: #569cd6;\">country</span><span style=\"color: rgb(86, 156, 214);\">country</span><span style=\"color: rgb(86, 156, 214);\">country</span><span style=\"color: rgb(86, 156, 214);\">country</span><span style=\"color: rgb(86, 156, 214);\">country</span><span style=\"color: rgb(86, 156, 214);\">country</span><span style=\"color: rgb(86, 156, 214);\">country</span><span style=\"color: rgb(86, 156, 214);\">country</span><span style=\"color: rgb(86, 156, 214);\">country</span></div><hr><div style=\"color: rgb(204, 204, 204); background-color: rgb(31, 31, 31); font-family: Menlo, Monaco, \"Courier New\", monospace; font-size: 12px; line-height: 18px; white-space: pre;\"><div style=\"line-height: 18px;\"><span style=\"color: #569cd6;\">country</span></div><div style=\"line-height: 18px;\"><div style=\"line-height: 18px;\"><span style=\"color: #569cd6;\">country</span></div></div></div><hr><div style=\"color: rgb(204, 204, 204); background-color: rgb(31, 31, 31); font-family: Menlo, Monaco, \"Courier New\", monospace; font-size: 12px; line-height: 18px; white-space: pre;\"><div style=\"line-height: 18px;\"><div style=\"line-height: 18px;\"><span style=\"color: #569cd6;\">v</span></div></div></div><hr><div style=\"color: rgb(204, 204, 204); background-color: rgb(31, 31, 31); font-family: Menlo, Monaco, \"Courier New\", monospace; font-size: 12px; line-height: 18px; white-space: pre;\"><div style=\"line-height: 18px;\"><div style=\"line-height: 18px;\"><span style=\"color: #569cd6;\">v</span></div></div></div><hr><div style=\"color: rgb(204, 204, 204); background-color: rgb(31, 31, 31); font-family: Menlo, Monaco, \"Courier New\", monospace; font-size: 12px; line-height: 18px; white-space: pre;\"><div style=\"line-height: 18px;\"><div style=\"line-height: 18px;\"><span style=\"color: #569cd6;\">v</span></div></div></div>            \r\n        \r\n        ','{\"id\":\"blog/10/image/3c66c7567f9e0df56b41d42d27124d8d.png\",\"storage\":\"store\",\"metadata\":{\"filename\":\"Rectangle 47.png\",\"size\":1597390,\"mime_type\":\"image/png\"},\"derivatives\":{\"small\":{\"id\":\"blog/10/image/small-e71b7276869d274f5c1cc2850fef6a7d.png\",\"storage\":\"store\",\"metadata\":{\"filename\":\"image_processing20231113-21187-1py5va.png\",\"size\":57129,\"mime_type\":null}},\"medium\":{\"id\":\"blog/10/image/medium-925c7d95f43cd9cfae1269d66dbeba0b.png\",\"storage\":\"store\",\"metadata\":{\"filename\":\"image_processing20231113-21187-q5zik4.png\",\"size\":196190,\"mime_type\":null}},\"large\":{\"id\":\"blog/10/image/large-8d49d386ebec2a6241468154e68b0414.png\",\"storage\":\"store\",\"metadata\":{\"filename\":\"image_processing20231113-21187-md1vg1.png\",\"size\":334054,\"mime_type\":null}}}}',3,'2023-11-13','2023-11-10 10:40:20.176424','2023-11-13 14:58:00.782521',0,'{\"id\":\"blog/10/square_image/13ee9449cd0f1fda7df891b8bd2d30ce.png\",\"storage\":\"store\",\"metadata\":{\"filename\":\"Rectangle 8.png\",\"size\":814866,\"mime_type\":\"image/png\"},\"derivatives\":{\"small\":{\"id\":\"blog/10/square_image/small-6f87ee32aa92c78ea35baf73de129848.png\",\"storage\":\"store\",\"metadata\":{\"filename\":\"image_processing20231113-21187-czhiwk.png\",\"size\":117810,\"mime_type\":null}},\"medium\":{\"id\":\"blog/10/square_image/medium-61ffb86fe81b27400ec7751f2c81f9fe.png\",\"storage\":\"store\",\"metadata\":{\"filename\":\"image_processing20231113-21187-hjko2c.png\",\"size\":427499,\"mime_type\":null}},\"large\":{\"id\":\"blog/10/square_image/large-0af15354394d2b8010dd11ee5f2a38e1.png\",\"storage\":\"store\",\"metadata\":{\"filename\":\"image_processing20231113-21187-avv4po.png\",\"size\":701624,\"mime_type\":null}}}}'),(11,'countrycountry country country country','country country v v country countrycountrycountry','Published','country-country-v-v-country-countrycountrycountry-e3b25987-4125-41c2-a19a-fbcdd6db9e4b','countrycountrycountrycountrycountrycountrycountrycountrycountry','            <div style=\"color: rgb(204, 204, 204); background-color: rgb(31, 31, 31); font-family: Menlo, Monaco, \"Courier New\", monospace; font-size: 12px; line-height: 18px; white-space: pre;\"><span style=\"color: #569cd6;\">country</span><span style=\"color: rgb(86, 156, 214);\">country</span><span style=\"color: rgb(86, 156, 214);\">country</span><span style=\"color: rgb(86, 156, 214);\">country</span><span style=\"color: rgb(86, 156, 214);\">country</span><span style=\"color: rgb(86, 156, 214);\">country</span><span style=\"color: rgb(86, 156, 214);\">country</span><span style=\"color: rgb(86, 156, 214);\">country</span><span style=\"color: rgb(86, 156, 214);\">country</span></div><hr><div style=\"color: rgb(204, 204, 204); background-color: rgb(31, 31, 31); font-family: Menlo, Monaco, \"Courier New\", monospace; font-size: 12px; line-height: 18px; white-space: pre;\"><div style=\"line-height: 18px;\"><span style=\"color: #569cd6;\">country</span></div><div style=\"line-height: 18px;\"><div style=\"line-height: 18px;\"><span style=\"color: #569cd6;\">country</span></div></div></div><hr><div style=\"color: rgb(204, 204, 204); background-color: rgb(31, 31, 31); font-family: Menlo, Monaco, \"Courier New\", monospace; font-size: 12px; line-height: 18px; white-space: pre;\"><div style=\"line-height: 18px;\"><div style=\"line-height: 18px;\"><span style=\"color: #569cd6;\">v</span></div></div></div><hr><div style=\"color: rgb(204, 204, 204); background-color: rgb(31, 31, 31); font-family: Menlo, Monaco, \"Courier New\", monospace; font-size: 12px; line-height: 18px; white-space: pre;\"><div style=\"line-height: 18px;\"><div style=\"line-height: 18px;\"><span style=\"color: #569cd6;\">v</span></div></div></div><hr><div style=\"color: rgb(204, 204, 204); background-color: rgb(31, 31, 31); font-family: Menlo, Monaco, \"Courier New\", monospace; font-size: 12px; line-height: 18px; white-space: pre;\"><div style=\"line-height: 18px;\"><div style=\"line-height: 18px;\"><span style=\"color: #569cd6;\">v</span></div></div></div>            \r\n        \r\n        ','{\"id\":\"blog/11/image/2662a506a639f98e9ff11c12b5775686.png\",\"storage\":\"store\",\"metadata\":{\"filename\":\"Rectangle 47.png\",\"size\":1597390,\"mime_type\":\"image/png\"},\"derivatives\":{\"small\":{\"id\":\"blog/11/image/small-4f8e0cdebccd3c848bcb662f4bd62ccb.png\",\"storage\":\"store\",\"metadata\":{\"filename\":\"image_processing20231113-21187-m8vyx9.png\",\"size\":57129,\"mime_type\":null}},\"medium\":{\"id\":\"blog/11/image/medium-927ddda5cd0b2b8db9d32c7cc7949fa5.png\",\"storage\":\"store\",\"metadata\":{\"filename\":\"image_processing20231113-21187-3zuldx.png\",\"size\":196190,\"mime_type\":null}},\"large\":{\"id\":\"blog/11/image/large-84f9c6483dbaf4c9ff92f019cd28f511.png\",\"storage\":\"store\",\"metadata\":{\"filename\":\"image_processing20231113-21187-3reahi.png\",\"size\":334054,\"mime_type\":null}}}}',3,'2023-11-13','2023-11-10 10:40:42.695473','2023-11-13 14:58:21.459964',0,'{\"id\":\"blog/11/square_image/f6fe209dc01cad0dcf7029bbfe22d4b6.png\",\"storage\":\"store\",\"metadata\":{\"filename\":\"Rectangle 8.png\",\"size\":814866,\"mime_type\":\"image/png\"},\"derivatives\":{\"small\":{\"id\":\"blog/11/square_image/small-dc582a1210340685e8641836c086852a.png\",\"storage\":\"store\",\"metadata\":{\"filename\":\"image_processing20231113-21187-n7uipl.png\",\"size\":117810,\"mime_type\":null}},\"medium\":{\"id\":\"blog/11/square_image/medium-84a12a7aa2ba3674d8c1b5506d9a5bc0.png\",\"storage\":\"store\",\"metadata\":{\"filename\":\"image_processing20231113-21187-51p6uh.png\",\"size\":427499,\"mime_type\":null}},\"large\":{\"id\":\"blog/11/square_image/large-97dd09d8d3340d236bab0dcb13bc508d.png\",\"storage\":\"store\",\"metadata\":{\"filename\":\"image_processing20231113-21187-pl7icp.png\",\"size\":701624,\"mime_type\":null}}}}'),(12,'countrycountry country country country','country country v v country countrycountrycountry','Draft','country-country-v-v-country-countrycountrycountry-7d22103b-694b-4f1b-bf4b-ae7cb17a8ff1','countrycountrycountrycountrycountrycountrycountrycountrycountry','<div style=\"color: rgb(204, 204, 204); background-color: rgb(31, 31, 31); font-family: Menlo, Monaco, &quot;Courier New&quot;, monospace; font-size: 12px; line-height: 18px; white-space: pre;\"><span style=\"color: #569cd6;\">country</span><span style=\"color: rgb(86, 156, 214);\">country</span><span style=\"color: rgb(86, 156, 214);\">country</span><span style=\"color: rgb(86, 156, 214);\">country</span><span style=\"color: rgb(86, 156, 214);\">country</span><span style=\"color: rgb(86, 156, 214);\">country</span><span style=\"color: rgb(86, 156, 214);\">country</span><span style=\"color: rgb(86, 156, 214);\">country</span><span style=\"color: rgb(86, 156, 214);\">country</span></div><hr><div style=\"color: rgb(204, 204, 204); background-color: rgb(31, 31, 31); font-family: Menlo, Monaco, &quot;Courier New&quot;, monospace; font-size: 12px; line-height: 18px; white-space: pre;\"><div style=\"line-height: 18px;\"><span style=\"color: #569cd6;\">country</span></div><div style=\"line-height: 18px;\"><div style=\"line-height: 18px;\"><span style=\"color: #569cd6;\">country</span></div></div></div><hr><div style=\"color: rgb(204, 204, 204); background-color: rgb(31, 31, 31); font-family: Menlo, Monaco, &quot;Courier New&quot;, monospace; font-size: 12px; line-height: 18px; white-space: pre;\"><div style=\"line-height: 18px;\"><div style=\"line-height: 18px;\"><span style=\"color: #569cd6;\">v</span></div></div></div><hr><div style=\"color: rgb(204, 204, 204); background-color: rgb(31, 31, 31); font-family: Menlo, Monaco, &quot;Courier New&quot;, monospace; font-size: 12px; line-height: 18px; white-space: pre;\"><div style=\"line-height: 18px;\"><div style=\"line-height: 18px;\"><span style=\"color: #569cd6;\">v</span></div></div></div><hr><div style=\"color: rgb(204, 204, 204); background-color: rgb(31, 31, 31); font-family: Menlo, Monaco, &quot;Courier New&quot;, monospace; font-size: 12px; line-height: 18px; white-space: pre;\"><div style=\"line-height: 18px;\"><div style=\"line-height: 18px;\"><span style=\"color: #569cd6;\">v</span></div></div></div>            \r\n        ','{\"id\":\"blog/12/image/31fc224170d0796281e0dac9144d0036.png\",\"storage\":\"store\",\"metadata\":{\"filename\":\"bawl.png\",\"size\":76424,\"mime_type\":\"image/png\"},\"derivatives\":{\"small\":{\"id\":\"blog/12/image/small-2b4bd5284592206840a83a80a3ff2c32.png\",\"storage\":\"store\",\"metadata\":{\"filename\":\"image_processing20231110-30625-ztdjqg.png\",\"size\":45805,\"mime_type\":null}},\"medium\":{\"id\":\"blog/12/image/medium-0e9f3b33a3250d4674a02568a73ca0c0.png\",\"storage\":\"store\",\"metadata\":{\"filename\":\"image_processing20231110-30625-pkvjp4.png\",\"size\":75969,\"mime_type\":null}},\"large\":{\"id\":\"blog/12/image/large-63220923f2fedb2c82abe5b8f1c8228b.png\",\"storage\":\"store\",\"metadata\":{\"filename\":\"image_processing20231110-30625-2d8qx8.png\",\"size\":75969,\"mime_type\":null}}}}',3,NULL,'2023-11-10 10:40:56.289804','2023-11-10 10:40:57.255700',0,NULL),(13,'countrycountry country country country','country country v v country countrycountrycountry','Draft','country-country-v-v-country-countrycountrycountry-5f1d10e0-d18d-44db-8b9d-95cf47800b4c','countrycountrycountrycountrycountrycountrycountrycountrycountry','<div style=\"color: rgb(204, 204, 204); background-color: rgb(31, 31, 31); font-family: Menlo, Monaco, &quot;Courier New&quot;, monospace; font-size: 12px; line-height: 18px; white-space: pre;\"><span style=\"color: #569cd6;\">country</span><span style=\"color: rgb(86, 156, 214);\">country</span><span style=\"color: rgb(86, 156, 214);\">country</span><span style=\"color: rgb(86, 156, 214);\">country</span><span style=\"color: rgb(86, 156, 214);\">country</span><span style=\"color: rgb(86, 156, 214);\">country</span><span style=\"color: rgb(86, 156, 214);\">country</span><span style=\"color: rgb(86, 156, 214);\">country</span><span style=\"color: rgb(86, 156, 214);\">country</span></div><hr><div style=\"color: rgb(204, 204, 204); background-color: rgb(31, 31, 31); font-family: Menlo, Monaco, &quot;Courier New&quot;, monospace; font-size: 12px; line-height: 18px; white-space: pre;\"><div style=\"line-height: 18px;\"><span style=\"color: #569cd6;\">country</span></div><div style=\"line-height: 18px;\"><div style=\"line-height: 18px;\"><span style=\"color: #569cd6;\">country</span></div></div></div><hr><div style=\"color: rgb(204, 204, 204); background-color: rgb(31, 31, 31); font-family: Menlo, Monaco, &quot;Courier New&quot;, monospace; font-size: 12px; line-height: 18px; white-space: pre;\"><div style=\"line-height: 18px;\"><div style=\"line-height: 18px;\"><span style=\"color: #569cd6;\">v</span></div></div></div><hr><div style=\"color: rgb(204, 204, 204); background-color: rgb(31, 31, 31); font-family: Menlo, Monaco, &quot;Courier New&quot;, monospace; font-size: 12px; line-height: 18px; white-space: pre;\"><div style=\"line-height: 18px;\"><div style=\"line-height: 18px;\"><span style=\"color: #569cd6;\">v</span></div></div></div><hr><div style=\"color: rgb(204, 204, 204); background-color: rgb(31, 31, 31); font-family: Menlo, Monaco, &quot;Courier New&quot;, monospace; font-size: 12px; line-height: 18px; white-space: pre;\"><div style=\"line-height: 18px;\"><div style=\"line-height: 18px;\"><span style=\"color: #569cd6;\">v</span></div></div></div>            \r\n        ','{\"id\":\"blog/13/image/462d1ca4b596ddbdf5e3d59c0cd3b1b4.png\",\"storage\":\"store\",\"metadata\":{\"filename\":\"bawl.png\",\"size\":76424,\"mime_type\":\"image/png\"},\"derivatives\":{\"small\":{\"id\":\"blog/13/image/small-101efec75c7e3192f9acb796f8dbed6c.png\",\"storage\":\"store\",\"metadata\":{\"filename\":\"image_processing20231110-30826-o0sowh.png\",\"size\":45805,\"mime_type\":null}},\"medium\":{\"id\":\"blog/13/image/medium-8ce349ad50aefddd6a1758554b3eb08a.png\",\"storage\":\"store\",\"metadata\":{\"filename\":\"image_processing20231110-30826-e6wwmy.png\",\"size\":75969,\"mime_type\":null}},\"large\":{\"id\":\"blog/13/image/large-89021ff20e363835d8ded1f74f0ec68e.png\",\"storage\":\"store\",\"metadata\":{\"filename\":\"image_processing20231110-30826-kvzui1.png\",\"size\":75969,\"mime_type\":null}}}}',3,NULL,'2023-11-10 10:43:55.872077','2023-11-10 10:43:56.745609',0,NULL),(14,'countrycountry country country country','country country v v country countrycountrycountry','Draft','country-country-v-v-country-countrycountrycountry-a6a539eb-d9f2-46a0-b7df-4d42ff1f1f21','countrycountrycountrycountrycountrycountrycountrycountrycountry','<div style=\"color: rgb(204, 204, 204); background-color: rgb(31, 31, 31); font-family: Menlo, Monaco, &quot;Courier New&quot;, monospace; font-size: 12px; line-height: 18px; white-space: pre;\"><span style=\"color: #569cd6;\">country</span><span style=\"color: rgb(86, 156, 214);\">country</span><span style=\"color: rgb(86, 156, 214);\">country</span><span style=\"color: rgb(86, 156, 214);\">country</span><span style=\"color: rgb(86, 156, 214);\">country</span><span style=\"color: rgb(86, 156, 214);\">country</span><span style=\"color: rgb(86, 156, 214);\">country</span><span style=\"color: rgb(86, 156, 214);\">country</span><span style=\"color: rgb(86, 156, 214);\">country</span></div><hr><div style=\"color: rgb(204, 204, 204); background-color: rgb(31, 31, 31); font-family: Menlo, Monaco, &quot;Courier New&quot;, monospace; font-size: 12px; line-height: 18px; white-space: pre;\"><div style=\"line-height: 18px;\"><span style=\"color: #569cd6;\">country</span></div><div style=\"line-height: 18px;\"><div style=\"line-height: 18px;\"><span style=\"color: #569cd6;\">country</span></div></div></div><hr><div style=\"color: rgb(204, 204, 204); background-color: rgb(31, 31, 31); font-family: Menlo, Monaco, &quot;Courier New&quot;, monospace; font-size: 12px; line-height: 18px; white-space: pre;\"><div style=\"line-height: 18px;\"><div style=\"line-height: 18px;\"><span style=\"color: #569cd6;\">v</span></div></div></div><hr><div style=\"color: rgb(204, 204, 204); background-color: rgb(31, 31, 31); font-family: Menlo, Monaco, &quot;Courier New&quot;, monospace; font-size: 12px; line-height: 18px; white-space: pre;\"><div style=\"line-height: 18px;\"><div style=\"line-height: 18px;\"><span style=\"color: #569cd6;\">v</span></div></div></div><hr><div style=\"color: rgb(204, 204, 204); background-color: rgb(31, 31, 31); font-family: Menlo, Monaco, &quot;Courier New&quot;, monospace; font-size: 12px; line-height: 18px; white-space: pre;\"><div style=\"line-height: 18px;\"><div style=\"line-height: 18px;\"><span style=\"color: #569cd6;\">v</span></div></div></div>            \r\n        ','{\"id\":\"blog/14/image/0537fee548ce0b796f7732f91a6f73c7.png\",\"storage\":\"store\",\"metadata\":{\"filename\":\"bawl.png\",\"size\":76424,\"mime_type\":\"image/png\"},\"derivatives\":{\"small\":{\"id\":\"blog/14/image/small-065a241bc3934568e13d50b7d9a2306f.png\",\"storage\":\"store\",\"metadata\":{\"filename\":\"image_processing20231110-30826-k87cal.png\",\"size\":45805,\"mime_type\":null}},\"medium\":{\"id\":\"blog/14/image/medium-17beeb49fd109a616c3c04b0dd9b1610.png\",\"storage\":\"store\",\"metadata\":{\"filename\":\"image_processing20231110-30826-9su1n2.png\",\"size\":75969,\"mime_type\":null}},\"large\":{\"id\":\"blog/14/image/large-53fa492414b43b3ccbc79ed046236f83.png\",\"storage\":\"store\",\"metadata\":{\"filename\":\"image_processing20231110-30826-yg7njm.png\",\"size\":75969,\"mime_type\":null}}}}',3,NULL,'2023-11-10 10:44:55.154307','2023-11-10 10:44:55.738601',0,NULL),(15,'countrycountry country country country','country country v v country countrycountrycountry','Draft','country-country-v-v-country-countrycountrycountry-80bebe86-6313-44bd-9bc1-a3dc9acd92d9','countrycountrycountrycountrycountrycountrycountrycountrycountry','<div style=\"color: rgb(204, 204, 204); background-color: rgb(31, 31, 31); font-family: Menlo, Monaco, &quot;Courier New&quot;, monospace; font-size: 12px; line-height: 18px; white-space: pre;\"><span style=\"color: #569cd6;\">country</span><span style=\"color: rgb(86, 156, 214);\">country</span><span style=\"color: rgb(86, 156, 214);\">country</span><span style=\"color: rgb(86, 156, 214);\">country</span><span style=\"color: rgb(86, 156, 214);\">country</span><span style=\"color: rgb(86, 156, 214);\">country</span><span style=\"color: rgb(86, 156, 214);\">country</span><span style=\"color: rgb(86, 156, 214);\">country</span><span style=\"color: rgb(86, 156, 214);\">country</span></div><hr><div style=\"color: rgb(204, 204, 204); background-color: rgb(31, 31, 31); font-family: Menlo, Monaco, &quot;Courier New&quot;, monospace; font-size: 12px; line-height: 18px; white-space: pre;\"><div style=\"line-height: 18px;\"><span style=\"color: #569cd6;\">country</span></div><div style=\"line-height: 18px;\"><div style=\"line-height: 18px;\"><span style=\"color: #569cd6;\">country</span></div></div></div><hr><div style=\"color: rgb(204, 204, 204); background-color: rgb(31, 31, 31); font-family: Menlo, Monaco, &quot;Courier New&quot;, monospace; font-size: 12px; line-height: 18px; white-space: pre;\"><div style=\"line-height: 18px;\"><div style=\"line-height: 18px;\"><span style=\"color: #569cd6;\">v</span></div></div></div><hr><div style=\"color: rgb(204, 204, 204); background-color: rgb(31, 31, 31); font-family: Menlo, Monaco, &quot;Courier New&quot;, monospace; font-size: 12px; line-height: 18px; white-space: pre;\"><div style=\"line-height: 18px;\"><div style=\"line-height: 18px;\"><span style=\"color: #569cd6;\">v</span></div></div></div><hr><div style=\"color: rgb(204, 204, 204); background-color: rgb(31, 31, 31); font-family: Menlo, Monaco, &quot;Courier New&quot;, monospace; font-size: 12px; line-height: 18px; white-space: pre;\"><div style=\"line-height: 18px;\"><div style=\"line-height: 18px;\"><span style=\"color: #569cd6;\">v</span></div></div></div>            \r\n        ','{\"id\":\"blog/15/image/70d37e6db643be2df7a7fb567af4407f.png\",\"storage\":\"store\",\"metadata\":{\"filename\":\"bawl.png\",\"size\":76424,\"mime_type\":\"image/png\"},\"derivatives\":{\"small\":{\"id\":\"blog/15/image/small-5a011e70a85bd03afb4abb61e3618155.png\",\"storage\":\"store\",\"metadata\":{\"filename\":\"image_processing20231110-30985-keq2o.png\",\"size\":45805,\"mime_type\":null}},\"medium\":{\"id\":\"blog/15/image/medium-5b21ea83c66728e64ced17c815588993.png\",\"storage\":\"store\",\"metadata\":{\"filename\":\"image_processing20231110-30985-mwg0um.png\",\"size\":75969,\"mime_type\":null}},\"large\":{\"id\":\"blog/15/image/large-5271b8ad29c8bb71d8725a24f336cd8e.png\",\"storage\":\"store\",\"metadata\":{\"filename\":\"image_processing20231110-30985-u72eef.png\",\"size\":75969,\"mime_type\":null}}}}',3,NULL,'2023-11-10 10:56:04.838672','2023-11-10 10:56:05.642792',0,NULL),(16,'countrycountry country country country','country country v v country countrycountrycountry','Draft','country-country-v-v-country-countrycountrycountry-e41f62b8-f82b-453d-a008-cc960f2495b2','countrycountrycountrycountrycountrycountrycountrycountrycountry','<div style=\"color: rgb(204, 204, 204); background-color: rgb(31, 31, 31); font-family: Menlo, Monaco, &quot;Courier New&quot;, monospace; font-size: 12px; line-height: 18px; white-space: pre;\"><span style=\"color: #569cd6;\">country</span><span style=\"color: rgb(86, 156, 214);\">country</span><span style=\"color: rgb(86, 156, 214);\">country</span><span style=\"color: rgb(86, 156, 214);\">country</span><span style=\"color: rgb(86, 156, 214);\">country</span><span style=\"color: rgb(86, 156, 214);\">country</span><span style=\"color: rgb(86, 156, 214);\">country</span><span style=\"color: rgb(86, 156, 214);\">country</span><span style=\"color: rgb(86, 156, 214);\">country</span></div><hr><div style=\"color: rgb(204, 204, 204); background-color: rgb(31, 31, 31); font-family: Menlo, Monaco, &quot;Courier New&quot;, monospace; font-size: 12px; line-height: 18px; white-space: pre;\"><div style=\"line-height: 18px;\"><span style=\"color: #569cd6;\">country</span></div><div style=\"line-height: 18px;\"><div style=\"line-height: 18px;\"><span style=\"color: #569cd6;\">country</span></div></div></div><hr><div style=\"color: rgb(204, 204, 204); background-color: rgb(31, 31, 31); font-family: Menlo, Monaco, &quot;Courier New&quot;, monospace; font-size: 12px; line-height: 18px; white-space: pre;\"><div style=\"line-height: 18px;\"><div style=\"line-height: 18px;\"><span style=\"color: #569cd6;\">v</span></div></div></div><hr><div style=\"color: rgb(204, 204, 204); background-color: rgb(31, 31, 31); font-family: Menlo, Monaco, &quot;Courier New&quot;, monospace; font-size: 12px; line-height: 18px; white-space: pre;\"><div style=\"line-height: 18px;\"><div style=\"line-height: 18px;\"><span style=\"color: #569cd6;\">v</span></div></div></div><hr><div style=\"color: rgb(204, 204, 204); background-color: rgb(31, 31, 31); font-family: Menlo, Monaco, &quot;Courier New&quot;, monospace; font-size: 12px; line-height: 18px; white-space: pre;\"><div style=\"line-height: 18px;\"><div style=\"line-height: 18px;\"><span style=\"color: #569cd6;\">v</span></div></div></div>            \r\n        ','{\"id\":\"blog/16/image/f9eee1a3910985bdc86ff93f669037dc.png\",\"storage\":\"store\",\"metadata\":{\"filename\":\"bawl.png\",\"size\":76424,\"mime_type\":\"image/png\"},\"derivatives\":{\"small\":{\"id\":\"blog/16/image/small-af3202cf31d2d42190057504f2ba903a.png\",\"storage\":\"store\",\"metadata\":{\"filename\":\"image_processing20231110-31160-kqtw13.png\",\"size\":45805,\"mime_type\":null}},\"medium\":{\"id\":\"blog/16/image/medium-67bf5cce444bc3b701f38bde90df78c8.png\",\"storage\":\"store\",\"metadata\":{\"filename\":\"image_processing20231110-31160-990e76.png\",\"size\":75969,\"mime_type\":null}},\"large\":{\"id\":\"blog/16/image/large-ac0bf890f74e29eed33c4f10cef95bcf.png\",\"storage\":\"store\",\"metadata\":{\"filename\":\"image_processing20231110-31160-be0bnx.png\",\"size\":75969,\"mime_type\":null}}}}',3,NULL,'2023-11-10 10:56:38.915278','2023-11-10 10:56:39.847796',0,NULL),(17,'countrycountry country country country','country country v v country countrycountrycountry','Draft','country-country-v-v-country-countrycountrycountry-66aedec8-3fb7-4f66-88e2-69f0276e5307','countrycountrycountrycountrycountrycountrycountrycountrycountry','<div style=\"color: rgb(204, 204, 204); background-color: rgb(31, 31, 31); font-family: Menlo, Monaco, &quot;Courier New&quot;, monospace; font-size: 12px; line-height: 18px; white-space: pre;\"><span style=\"color: #569cd6;\">country</span><span style=\"color: rgb(86, 156, 214);\">country</span><span style=\"color: rgb(86, 156, 214);\">country</span><span style=\"color: rgb(86, 156, 214);\">country</span><span style=\"color: rgb(86, 156, 214);\">country</span><span style=\"color: rgb(86, 156, 214);\">country</span><span style=\"color: rgb(86, 156, 214);\">country</span><span style=\"color: rgb(86, 156, 214);\">country</span><span style=\"color: rgb(86, 156, 214);\">country</span></div><hr><div style=\"color: rgb(204, 204, 204); background-color: rgb(31, 31, 31); font-family: Menlo, Monaco, &quot;Courier New&quot;, monospace; font-size: 12px; line-height: 18px; white-space: pre;\"><div style=\"line-height: 18px;\"><span style=\"color: #569cd6;\">country</span></div><div style=\"line-height: 18px;\"><div style=\"line-height: 18px;\"><span style=\"color: #569cd6;\">country</span></div></div></div><hr><div style=\"color: rgb(204, 204, 204); background-color: rgb(31, 31, 31); font-family: Menlo, Monaco, &quot;Courier New&quot;, monospace; font-size: 12px; line-height: 18px; white-space: pre;\"><div style=\"line-height: 18px;\"><div style=\"line-height: 18px;\"><span style=\"color: #569cd6;\">v</span></div></div></div><hr><div style=\"color: rgb(204, 204, 204); background-color: rgb(31, 31, 31); font-family: Menlo, Monaco, &quot;Courier New&quot;, monospace; font-size: 12px; line-height: 18px; white-space: pre;\"><div style=\"line-height: 18px;\"><div style=\"line-height: 18px;\"><span style=\"color: #569cd6;\">v</span></div></div></div><hr><div style=\"color: rgb(204, 204, 204); background-color: rgb(31, 31, 31); font-family: Menlo, Monaco, &quot;Courier New&quot;, monospace; font-size: 12px; line-height: 18px; white-space: pre;\"><div style=\"line-height: 18px;\"><div style=\"line-height: 18px;\"><span style=\"color: #569cd6;\">v</span></div></div></div>            \r\n        ','{\"id\":\"blog/17/image/f0c413d2d3bffc019bf50e05f309c8e7.png\",\"storage\":\"store\",\"metadata\":{\"filename\":\"bawl.png\",\"size\":76424,\"mime_type\":\"image/png\"},\"derivatives\":{\"small\":{\"id\":\"blog/17/image/small-48f8f8db2d026a72008ce350d1f7085e.png\",\"storage\":\"store\",\"metadata\":{\"filename\":\"image_processing20231110-31160-k21tqi.png\",\"size\":45805,\"mime_type\":null}},\"medium\":{\"id\":\"blog/17/image/medium-ec1d2c4d5c4875af6b558363219c6449.png\",\"storage\":\"store\",\"metadata\":{\"filename\":\"image_processing20231110-31160-4ixpu3.png\",\"size\":75969,\"mime_type\":null}},\"large\":{\"id\":\"blog/17/image/large-4794ae677947a754debcfb0d979fd72c.png\",\"storage\":\"store\",\"metadata\":{\"filename\":\"image_processing20231110-31160-oll00m.png\",\"size\":75969,\"mime_type\":null}}}}',3,NULL,'2023-11-10 10:57:32.994567','2023-11-10 10:57:34.297401',0,NULL),(18,'countrycountry country country country','country country v v country countrycountrycountry','Published','country-country-v-v-country-countrycountrycountry-e24182ff-b1b9-491f-8d50-c88eacfd3654','countrycountrycountrycountrycountrycountrycountrycountrycountry','            <div style=\"color: rgb(204, 204, 204); background-color: rgb(31, 31, 31); font-family: Menlo, Monaco, \"Courier New\", monospace; font-size: 12px; line-height: 18px; white-space: pre;\"><span style=\"color: #569cd6;\">country</span><span style=\"color: rgb(86, 156, 214);\">country</span><span style=\"color: rgb(86, 156, 214);\">country</span><span style=\"color: rgb(86, 156, 214);\">country</span><span style=\"color: rgb(86, 156, 214);\">country</span><span style=\"color: rgb(86, 156, 214);\">country</span><span style=\"color: rgb(86, 156, 214);\">country</span><span style=\"color: rgb(86, 156, 214);\">country</span><span style=\"color: rgb(86, 156, 214);\">country</span></div><hr><div style=\"color: rgb(204, 204, 204); background-color: rgb(31, 31, 31); font-family: Menlo, Monaco, \"Courier New\", monospace; font-size: 12px; line-height: 18px; white-space: pre;\"><div style=\"line-height: 18px;\"><span style=\"color: #569cd6;\">country</span></div><div style=\"line-height: 18px;\"><div style=\"line-height: 18px;\"><span style=\"color: #569cd6;\">country</span></div></div></div><hr><div style=\"color: rgb(204, 204, 204); background-color: rgb(31, 31, 31); font-family: Menlo, Monaco, \"Courier New\", monospace; font-size: 12px; line-height: 18px; white-space: pre;\"><div style=\"line-height: 18px;\"><div style=\"line-height: 18px;\"><span style=\"color: #569cd6;\">v</span></div></div></div><hr><div style=\"color: rgb(204, 204, 204); background-color: rgb(31, 31, 31); font-family: Menlo, Monaco, \"Courier New\", monospace; font-size: 12px; line-height: 18px; white-space: pre;\"><div style=\"line-height: 18px;\"><div style=\"line-height: 18px;\"><span style=\"color: #569cd6;\">v</span></div></div></div><hr><div style=\"color: rgb(204, 204, 204); background-color: rgb(31, 31, 31); font-family: Menlo, Monaco, \"Courier New\", monospace; font-size: 12px; line-height: 18px; white-space: pre;\"><div style=\"line-height: 18px;\"><div style=\"line-height: 18px;\"><span style=\"color: #569cd6;\">v</span></div></div></div>            \r\n        \r\n        ','{\"id\":\"blog/18/image/3dc160122e33b7d02d0af2e60a6f4d68.png\",\"storage\":\"store\",\"metadata\":{\"filename\":\"Rectangle 47.png\",\"size\":1597390,\"mime_type\":\"image/png\"},\"derivatives\":{\"small\":{\"id\":\"blog/18/image/small-22d88ad3ae6aee75f8e1191141a09ce3.png\",\"storage\":\"store\",\"metadata\":{\"filename\":\"image_processing20231113-21187-qf2h56.png\",\"size\":57129,\"mime_type\":null}},\"medium\":{\"id\":\"blog/18/image/medium-3c9bd87adea28f6d911da0aa84a9d243.png\",\"storage\":\"store\",\"metadata\":{\"filename\":\"image_processing20231113-21187-qo469q.png\",\"size\":196190,\"mime_type\":null}},\"large\":{\"id\":\"blog/18/image/large-9710af80373dbd150c5606c425d4f46b.png\",\"storage\":\"store\",\"metadata\":{\"filename\":\"image_processing20231113-21187-g6mq8z.png\",\"size\":334054,\"mime_type\":null}}}}',3,'2023-11-13','2023-11-10 11:12:11.740505','2023-11-13 14:58:39.126503',0,'{\"id\":\"blog/18/square_image/672384ed39215f0e2f91b6d21b9b3677.png\",\"storage\":\"store\",\"metadata\":{\"filename\":\"Rectangle 8.png\",\"size\":814866,\"mime_type\":\"image/png\"},\"derivatives\":{\"small\":{\"id\":\"blog/18/square_image/small-f83f75f97475b9bc6f7da745f070393d.png\",\"storage\":\"store\",\"metadata\":{\"filename\":\"image_processing20231113-21187-kz7iuu.png\",\"size\":117810,\"mime_type\":null}},\"medium\":{\"id\":\"blog/18/square_image/medium-8cee9f5d432b11679989127af4b62f62.png\",\"storage\":\"store\",\"metadata\":{\"filename\":\"image_processing20231113-21187-rryqkf.png\",\"size\":427499,\"mime_type\":null}},\"large\":{\"id\":\"blog/18/square_image/large-682b52628e275bc6c7b7f2df411e7eb3.png\",\"storage\":\"store\",\"metadata\":{\"filename\":\"image_processing20231113-21187-acljzk.png\",\"size\":701624,\"mime_type\":null}}}}');
/*!40000 ALTER TABLE `blogs` ENABLE KEYS */;
UNLOCK TABLES;

--
-- Table structure for table `brand_categories`
--

DROP TABLE IF EXISTS `brand_categories`;
/*!40101 SET @saved_cs_client     = @@character_set_client */;
/*!50503 SET character_set_client = utf8mb4 */;
CREATE TABLE `brand_categories` (
  `id` bigint NOT NULL AUTO_INCREMENT,
  `name` varchar(255) DEFAULT NULL,
  `active` tinyint(1) DEFAULT NULL,
  `code` varchar(255) DEFAULT NULL,
  `priority` int DEFAULT NULL,
  `image_data` text,
  `created_at` datetime(6) NOT NULL,
  `updated_at` datetime(6) NOT NULL,
  PRIMARY KEY (`id`)
) ENGINE=InnoDB AUTO_INCREMENT=3 DEFAULT CHARSET=utf8mb4 COLLATE=utf8mb4_0900_ai_ci;
/*!40101 SET character_set_client = @saved_cs_client */;

--
-- Dumping data for table `brand_categories`
--

LOCK TABLES `brand_categories` WRITE;
/*!40000 ALTER TABLE `brand_categories` DISABLE KEYS */;
INSERT INTO `brand_categories` VALUES (1,'International Brands',1,'international_brands',1,NULL,'2023-11-09 11:25:34.055194','2023-11-14 06:35:15.657015'),(2,'National Brands',1,'national_brands',2,NULL,'2023-11-09 11:26:01.145187','2023-11-14 06:35:23.772945');
/*!40000 ALTER TABLE `brand_categories` ENABLE KEYS */;
UNLOCK TABLES;

--
-- Table structure for table `brand_category_images`
--

DROP TABLE IF EXISTS `brand_category_images`;
/*!40101 SET @saved_cs_client     = @@character_set_client */;
/*!50503 SET character_set_client = utf8mb4 */;
CREATE TABLE `brand_category_images` (
  `id` bigint NOT NULL AUTO_INCREMENT,
  `brand_category_id` bigint NOT NULL,
  `image_data` text,
  `priority` int DEFAULT '0',
  `created_at` datetime(6) NOT NULL,
  `updated_at` datetime(6) NOT NULL,
  PRIMARY KEY (`id`),
  KEY `index_brand_category_images_on_brand_category_id` (`brand_category_id`),
  CONSTRAINT `fk_rails_21b433bcb6` FOREIGN KEY (`brand_category_id`) REFERENCES `brand_categories` (`id`)
) ENGINE=InnoDB AUTO_INCREMENT=14 DEFAULT CHARSET=utf8mb4 COLLATE=utf8mb4_0900_ai_ci;
/*!40101 SET character_set_client = @saved_cs_client */;

--
-- Dumping data for table `brand_category_images`
--

LOCK TABLES `brand_category_images` WRITE;
/*!40000 ALTER TABLE `brand_category_images` DISABLE KEYS */;
INSERT INTO `brand_category_images` VALUES (4,1,'{\"id\":\"brandcategoryimage/4/image/0035ec312be6b0de28e456779318165d.png\",\"storage\":\"store\",\"metadata\":{\"filename\":\"laspen-logo.png\",\"size\":9534,\"mime_type\":\"image/png\"},\"derivatives\":{\"small\":{\"id\":\"brandcategoryimage/4/image/small-859d83adc6a9317d01ec12433be241d7.png\",\"storage\":\"store\",\"metadata\":{\"filename\":\"image_processing20231114-24640-srld3u.png\",\"size\":6569,\"mime_type\":null}},\"medium\":{\"id\":\"brandcategoryimage/4/image/medium-040927e95a016d6075878f29c6fbf5a3.png\",\"storage\":\"store\",\"metadata\":{\"filename\":\"image_processing20231114-24640-3klfga.png\",\"size\":6569,\"mime_type\":null}},\"large\":{\"id\":\"brandcategoryimage/4/image/large-ab81a2752b8bcfb813a004f2dfb68086.png\",\"storage\":\"store\",\"metadata\":{\"filename\":\"image_processing20231114-24640-fcah0r.png\",\"size\":6569,\"mime_type\":null}}}}',4,'2023-11-14 06:41:58.177129','2023-11-14 06:43:28.267746'),(5,1,'{\"id\":\"brandcategoryimage/5/image/2046175c3eb47d1799d90dabf9a7db16.png\",\"storage\":\"store\",\"metadata\":{\"filename\":\"pixie-logo.png\",\"size\":14867,\"mime_type\":\"image/png\"},\"derivatives\":{\"small\":{\"id\":\"brandcategoryimage/5/image/small-79f50684fff7dbfba68c292bb77ab704.png\",\"storage\":\"store\",\"metadata\":{\"filename\":\"image_processing20231114-24640-kf0t36.png\",\"size\":10096,\"mime_type\":null}},\"medium\":{\"id\":\"brandcategoryimage/5/image/medium-52ef7de57c925ac9ddbe0715cc4bbaa0.png\",\"storage\":\"store\",\"metadata\":{\"filename\":\"image_processing20231114-24640-beoeqp.png\",\"size\":10096,\"mime_type\":null}},\"large\":{\"id\":\"brandcategoryimage/5/image/large-1398dbf4c1230bd71eba1a665f2ce6a4.png\",\"storage\":\"store\",\"metadata\":{\"filename\":\"image_processing20231114-24640-49ch8d.png\",\"size\":10096,\"mime_type\":null}}}}',1,'2023-11-14 06:41:58.787007','2023-11-14 06:43:24.621164'),(6,1,'{\"id\":\"brandcategoryimage/6/image/f189bb73c59ca2e7a3ab277e3a81f45c.png\",\"storage\":\"store\",\"metadata\":{\"filename\":\"laspen-logo.png\",\"size\":9534,\"mime_type\":\"image/png\"},\"derivatives\":{\"small\":{\"id\":\"brandcategoryimage/6/image/small-3b94503d5de74cfd01d3b1f756821f39.png\",\"storage\":\"store\",\"metadata\":{\"filename\":\"image_processing20231114-24640-tgpgpr.png\",\"size\":6569,\"mime_type\":null}},\"medium\":{\"id\":\"brandcategoryimage/6/image/medium-fe2159c97cd61caf4febe906b071c306.png\",\"storage\":\"store\",\"metadata\":{\"filename\":\"image_processing20231114-24640-xct3rc.png\",\"size\":6569,\"mime_type\":null}},\"large\":{\"id\":\"brandcategoryimage/6/image/large-7ed297ecbd7169b19cdcc1280d5075a0.png\",\"storage\":\"store\",\"metadata\":{\"filename\":\"image_processing20231114-24640-srdlf5.png\",\"size\":6569,\"mime_type\":null}}}}',5,'2023-11-14 06:42:10.242668','2023-11-14 06:43:28.280429'),(7,1,'{\"id\":\"brandcategoryimage/7/image/9d899f57f8e02409d9cf2ab08dfaa7f4.png\",\"storage\":\"store\",\"metadata\":{\"filename\":\"pixie-logo.png\",\"size\":14867,\"mime_type\":\"image/png\"},\"derivatives\":{\"small\":{\"id\":\"brandcategoryimage/7/image/small-493d2a3869f1d1c876d4aff55c78b8cf.png\",\"storage\":\"store\",\"metadata\":{\"filename\":\"image_processing20231114-24640-v0i8n5.png\",\"size\":10096,\"mime_type\":null}},\"medium\":{\"id\":\"brandcategoryimage/7/image/medium-cbabd7043adec44d5e5243238d99b4c9.png\",\"storage\":\"store\",\"metadata\":{\"filename\":\"image_processing20231114-24640-f4wp8n.png\",\"size\":10096,\"mime_type\":null}},\"large\":{\"id\":\"brandcategoryimage/7/image/large-c8bf8eec7b89f134659cf538256108a7.png\",\"storage\":\"store\",\"metadata\":{\"filename\":\"image_processing20231114-24640-rn1pjg.png\",\"size\":10096,\"mime_type\":null}}}}',2,'2023-11-14 06:42:10.409196','2023-11-14 06:43:26.775242'),(8,1,'{\"id\":\"brandcategoryimage/8/image/cbe17eea45be22ccbc1e3f813365d78f.png\",\"storage\":\"store\",\"metadata\":{\"filename\":\"laspen-logo.png\",\"size\":9534,\"mime_type\":\"image/png\"},\"derivatives\":{\"small\":{\"id\":\"brandcategoryimage/8/image/small-af8ce204d2ba9aaf0e302c800a3d6423.png\",\"storage\":\"store\",\"metadata\":{\"filename\":\"image_processing20231114-24640-t7fwzb.png\",\"size\":6569,\"mime_type\":null}},\"medium\":{\"id\":\"brandcategoryimage/8/image/medium-67d3fc752751d3a0bdfb01ecb11f3bbc.png\",\"storage\":\"store\",\"metadata\":{\"filename\":\"image_processing20231114-24640-6e7s3v.png\",\"size\":6569,\"mime_type\":null}},\"large\":{\"id\":\"brandcategoryimage/8/image/large-673c1c20a65669301c0e3df831164c7a.png\",\"storage\":\"store\",\"metadata\":{\"filename\":\"image_processing20231114-24640-ogwbg4.png\",\"size\":6569,\"mime_type\":null}}}}',6,'2023-11-14 06:42:25.978546','2023-11-14 06:43:28.296016'),(9,1,'{\"id\":\"brandcategoryimage/9/image/d3413e7daed6d10029a4b75b19875782.png\",\"storage\":\"store\",\"metadata\":{\"filename\":\"pixie-logo.png\",\"size\":14867,\"mime_type\":\"image/png\"},\"derivatives\":{\"small\":{\"id\":\"brandcategoryimage/9/image/small-f76ce9ca6a46a9db361aeb88527cff61.png\",\"storage\":\"store\",\"metadata\":{\"filename\":\"image_processing20231114-24640-9eah2l.png\",\"size\":10096,\"mime_type\":null}},\"medium\":{\"id\":\"brandcategoryimage/9/image/medium-bbf6735a3b147e2ccbef9e90172dbc98.png\",\"storage\":\"store\",\"metadata\":{\"filename\":\"image_processing20231114-24640-5ohtgh.png\",\"size\":10096,\"mime_type\":null}},\"large\":{\"id\":\"brandcategoryimage/9/image/large-1279dedb769e80e3e91fb541489deb93.png\",\"storage\":\"store\",\"metadata\":{\"filename\":\"image_processing20231114-24640-jayhhs.png\",\"size\":10096,\"mime_type\":null}}}}',3,'2023-11-14 06:42:26.249455','2023-11-14 06:43:28.251178'),(10,2,'{\"id\":\"brandcategoryimage/10/image/cb24329748ebbd1125b226a460d1ee47.png\",\"storage\":\"store\",\"metadata\":{\"filename\":\"laspen-logo.png\",\"size\":9534,\"mime_type\":\"image/png\"},\"derivatives\":{\"small\":{\"id\":\"brandcategoryimage/10/image/small-2525fbf8a90fe5e05af77f6b19b39042.png\",\"storage\":\"store\",\"metadata\":{\"filename\":\"image_processing20231114-24640-1fcugf.png\",\"size\":6569,\"mime_type\":null}},\"medium\":{\"id\":\"brandcategoryimage/10/image/medium-e9588581fad59f5f344a56189e2a6ab8.png\",\"storage\":\"store\",\"metadata\":{\"filename\":\"image_processing20231114-24640-wqs8ep.png\",\"size\":6569,\"mime_type\":null}},\"large\":{\"id\":\"brandcategoryimage/10/image/large-b3ad91709e5151ecc5e7d748b711e746.png\",\"storage\":\"store\",\"metadata\":{\"filename\":\"image_processing20231114-24640-qovduk.png\",\"size\":6569,\"mime_type\":null}}}}',1,'2023-11-14 06:42:38.569158','2023-11-14 06:43:38.409317'),(11,2,'{\"id\":\"brandcategoryimage/11/image/898e72070fb376eed33722b95e6b4f8e.png\",\"storage\":\"store\",\"metadata\":{\"filename\":\"pixie-logo.png\",\"size\":14867,\"mime_type\":\"image/png\"},\"derivatives\":{\"small\":{\"id\":\"brandcategoryimage/11/image/small-118af782a511f32869ee58f8015818f5.png\",\"storage\":\"store\",\"metadata\":{\"filename\":\"image_processing20231114-24640-43payw.png\",\"size\":10096,\"mime_type\":null}},\"medium\":{\"id\":\"brandcategoryimage/11/image/medium-3c4bc5bed3e3267f664f6a1efa77a4df.png\",\"storage\":\"store\",\"metadata\":{\"filename\":\"image_processing20231114-24640-u8pb0l.png\",\"size\":10096,\"mime_type\":null}},\"large\":{\"id\":\"brandcategoryimage/11/image/large-43d98cb03287184b293524d7c4ad111b.png\",\"storage\":\"store\",\"metadata\":{\"filename\":\"image_processing20231114-24640-ciz38u.png\",\"size\":10096,\"mime_type\":null}}}}',3,'2023-11-14 06:42:38.797368','2023-11-14 06:43:38.436796'),(12,2,'{\"id\":\"brandcategoryimage/12/image/577528c997f128cf56643007f3a0b390.png\",\"storage\":\"store\",\"metadata\":{\"filename\":\"laspen-logo.png\",\"size\":9534,\"mime_type\":\"image/png\"},\"derivatives\":{\"small\":{\"id\":\"brandcategoryimage/12/image/small-66410020236d986113299cf81adc81ab.png\",\"storage\":\"store\",\"metadata\":{\"filename\":\"image_processing20231114-24640-86g3u0.png\",\"size\":6569,\"mime_type\":null}},\"medium\":{\"id\":\"brandcategoryimage/12/image/medium-c4c3368539c5bf963601b7d6cc80ee9a.png\",\"storage\":\"store\",\"metadata\":{\"filename\":\"image_processing20231114-24640-dhuz83.png\",\"size\":6569,\"mime_type\":null}},\"large\":{\"id\":\"brandcategoryimage/12/image/large-84d1121b4703cc152382942733f6d0b1.png\",\"storage\":\"store\",\"metadata\":{\"filename\":\"image_processing20231114-24640-6ktd30.png\",\"size\":6569,\"mime_type\":null}}}}',2,'2023-11-14 06:42:49.086413','2023-11-14 06:43:38.424009'),(13,2,'{\"id\":\"brandcategoryimage/13/image/ff02cc36aeb8f7a602cf2ce0a5d60364.png\",\"storage\":\"store\",\"metadata\":{\"filename\":\"pixie-logo.png\",\"size\":14867,\"mime_type\":\"image/png\"},\"derivatives\":{\"small\":{\"id\":\"brandcategoryimage/13/image/small-047acab771ad263b8e4d3d2f13d10ea0.png\",\"storage\":\"store\",\"metadata\":{\"filename\":\"image_processing20231114-24640-dacspd.png\",\"size\":10096,\"mime_type\":null}},\"medium\":{\"id\":\"brandcategoryimage/13/image/medium-d55a252fcfce0c152d10883524f2accd.png\",\"storage\":\"store\",\"metadata\":{\"filename\":\"image_processing20231114-24640-v4xgi9.png\",\"size\":10096,\"mime_type\":null}},\"large\":{\"id\":\"brandcategoryimage/13/image/large-fa3ef1bcbf76cde66e8b3128112fca8a.png\",\"storage\":\"store\",\"metadata\":{\"filename\":\"image_processing20231114-24640-tgm7fe.png\",\"size\":10096,\"mime_type\":null}}}}',4,'2023-11-14 06:42:49.255383','2023-11-14 06:43:38.454276');
/*!40000 ALTER TABLE `brand_category_images` ENABLE KEYS */;
UNLOCK TABLES;

--
-- Table structure for table `categories`
--

DROP TABLE IF EXISTS `categories`;
/*!40101 SET @saved_cs_client     = @@character_set_client */;
/*!50503 SET character_set_client = utf8mb4 */;
CREATE TABLE `categories` (
  `id` bigint NOT NULL AUTO_INCREMENT,
  `name` varchar(255) DEFAULT NULL,
  `active` tinyint(1) DEFAULT '1',
  `created_at` datetime(6) NOT NULL,
  `updated_at` datetime(6) NOT NULL,
  `priority` int DEFAULT '0',
  `code` varchar(255) DEFAULT NULL,
  `image_data` text,
  `image2_data` text,
  `slug` varchar(255) DEFAULT NULL,
  PRIMARY KEY (`id`)
) ENGINE=InnoDB AUTO_INCREMENT=42 DEFAULT CHARSET=utf8mb4 COLLATE=utf8mb4_0900_ai_ci;
/*!40101 SET character_set_client = @saved_cs_client */;

--
-- Dumping data for table `categories`
--

LOCK TABLES `categories` WRITE;
/*!40000 ALTER TABLE `categories` DISABLE KEYS */;
INSERT INTO `categories` VALUES (37,'Instruments & Regulations',1,'2023-11-06 13:40:33.884445','2023-11-13 12:12:38.895937',2,'instruments_regulations','{\"id\":\"category/37/image/ea7cc797e0f05028bccc143b236cf0fb.png\",\"storage\":\"store\",\"metadata\":{\"filename\":\"Group 1000001913.png\",\"size\":1525694,\"mime_type\":\"image/png\"},\"derivatives\":{\"small\":{\"id\":\"category/37/image/small-6e4fa51b86976aa42b473588138bc473.png\",\"storage\":\"store\",\"metadata\":{\"filename\":\"image_processing20231113-15941-5em6s0.png\",\"size\":46381,\"mime_type\":null}},\"medium\":{\"id\":\"category/37/image/medium-f84aba69063ac58290aa2416ee9bf678.png\",\"storage\":\"store\",\"metadata\":{\"filename\":\"image_processing20231113-15941-2w9psn.png\",\"size\":165465,\"mime_type\":null}},\"large\":{\"id\":\"category/37/image/large-fc8ab220b28c0298058d8ae79d4ccd4b.png\",\"storage\":\"store\",\"metadata\":{\"filename\":\"image_processing20231113-15941-2r7svc.png\",\"size\":281249,\"mime_type\":null}}}}','{\"id\":\"category/37/image2/ef1da814309ffb11262c19432deb6be0.png\",\"storage\":\"store\",\"metadata\":{\"filename\":\"6skksbXs.png\",\"size\":1105809,\"mime_type\":\"image/png\"},\"derivatives\":{\"small\":{\"id\":\"category/37/image2/small-ba9959f0500f34e241852f0c4b87fb69.png\",\"storage\":\"store\",\"metadata\":{\"filename\":\"image_processing20231113-15941-tob99d.png\",\"size\":113870,\"mime_type\":null}},\"medium\":{\"id\":\"category/37/image2/medium-dd2b1fca9c48b7df7c2b5806d626d59a.png\",\"storage\":\"store\",\"metadata\":{\"filename\":\"image_processing20231113-15941-zjb222.png\",\"size\":414815,\"mime_type\":null}},\"large\":{\"id\":\"category/37/image2/large-6e47f0923d5f25b42ecba55e8f43d8a2.png\",\"storage\":\"store\",\"metadata\":{\"filename\":\"image_processing20231113-15941-89w8xa.png\",\"size\":698241,\"mime_type\":null}}}}',NULL),(38,'abc',1,'2023-11-09 07:43:31.993994','2023-11-13 12:13:13.170940',4,'abc','{\"id\":\"category/38/image/504c3f543c551884475842062b191b2b.png\",\"storage\":\"store\",\"metadata\":{\"filename\":\"Group 1000001913.png\",\"size\":1525694,\"mime_type\":\"image/png\"},\"derivatives\":{\"small\":{\"id\":\"category/38/image/small-61a01dacee9f6458d460b3315abc6150.png\",\"storage\":\"store\",\"metadata\":{\"filename\":\"image_processing20231113-15941-sklsze.png\",\"size\":46381,\"mime_type\":null}},\"medium\":{\"id\":\"category/38/image/medium-861403bee1d2b2360d42c804063829e4.png\",\"storage\":\"store\",\"metadata\":{\"filename\":\"image_processing20231113-15941-h5htno.png\",\"size\":165465,\"mime_type\":null}},\"large\":{\"id\":\"category/38/image/large-1cdb3e43aecdd49ec75593651a119a31.png\",\"storage\":\"store\",\"metadata\":{\"filename\":\"image_processing20231113-15941-4vjgfn.png\",\"size\":281249,\"mime_type\":null}}}}','{\"id\":\"category/38/image2/e480cf898f437b3b60c48d0ab0b58698.png\",\"storage\":\"store\",\"metadata\":{\"filename\":\"6skksbXs.png\",\"size\":1105809,\"mime_type\":\"image/png\"},\"derivatives\":{\"small\":{\"id\":\"category/38/image2/small-839e2c467557cbb79e3660d8dff69384.png\",\"storage\":\"store\",\"metadata\":{\"filename\":\"image_processing20231113-15941-nqsuz3.png\",\"size\":113870,\"mime_type\":null}},\"medium\":{\"id\":\"category/38/image2/medium-afd174a32ff2eae5ea94ee47039512fa.png\",\"storage\":\"store\",\"metadata\":{\"filename\":\"image_processing20231113-15941-5mmzb0.png\",\"size\":414815,\"mime_type\":null}},\"large\":{\"id\":\"category/38/image2/large-fb7e4789272913d4cdc5f66c6334f59e.png\",\"storage\":\"store\",\"metadata\":{\"filename\":\"image_processing20231113-15941-hv8g3n.png\",\"size\":698241,\"mime_type\":null}}}}',NULL),(39,'Others',1,'2023-11-09 07:43:36.153860','2023-11-13 12:12:55.675952',3,'others','{\"id\":\"category/39/image/dfdb25398f01cfbbc62677b02020e75b.png\",\"storage\":\"store\",\"metadata\":{\"filename\":\"Rectangle 4949.png\",\"size\":1920830,\"mime_type\":\"image/png\"},\"derivatives\":{\"small\":{\"id\":\"category/39/image/small-f9c233b54a2b2dd58f2cd50b9ad1a2fc.png\",\"storage\":\"store\",\"metadata\":{\"filename\":\"image_processing20231113-15941-pw7vyv.png\",\"size\":71843,\"mime_type\":null}},\"medium\":{\"id\":\"category/39/image/medium-a60bb6fdc41dfb95b886970926c226b2.png\",\"storage\":\"store\",\"metadata\":{\"filename\":\"image_processing20231113-15941-rh9nm2.png\",\"size\":244316,\"mime_type\":null}},\"large\":{\"id\":\"category/39/image/large-d56875f7ab023aac48ea1f1201b9e5e4.png\",\"storage\":\"store\",\"metadata\":{\"filename\":\"image_processing20231113-15941-5fxmzp.png\",\"size\":397101,\"mime_type\":null}}}}','{\"id\":\"category/39/image2/10651aadbba3de9a5598399f978ef7b5.png\",\"storage\":\"store\",\"metadata\":{\"filename\":\"download (6) 1.png\",\"size\":1094742,\"mime_type\":\"image/png\"},\"derivatives\":{\"small\":{\"id\":\"category/39/image2/small-ec4f22961506253c584106dd3f4e3d4b.png\",\"storage\":\"store\",\"metadata\":{\"filename\":\"image_processing20231113-15941-dcgln5.png\",\"size\":166001,\"mime_type\":null}},\"medium\":{\"id\":\"category/39/image2/medium-48e9f0131e26717aa20f2c85ed6a8b01.png\",\"storage\":\"store\",\"metadata\":{\"filename\":\"image_processing20231113-15941-8kl9br.png\",\"size\":653991,\"mime_type\":null}},\"large\":{\"id\":\"category/39/image2/large-abc2962e35978bacb02d0be3b5194341.png\",\"storage\":\"store\",\"metadata\":{\"filename\":\"image_processing20231113-15941-6er8zb.png\",\"size\":1108788,\"mime_type\":null}}}}',NULL),(40,'Instruments',1,'2023-11-09 07:43:43.965415','2023-11-13 12:32:04.369253',1,'instruments','{\"id\":\"category/40/image/4c15eb6bc1763f7bcd3a067d84b11629.png\",\"storage\":\"store\",\"metadata\":{\"filename\":\"Group 1000001916.png\",\"size\":2461944,\"mime_type\":\"image/png\"},\"derivatives\":{\"small\":{\"id\":\"category/40/image/small-ec69194859f8a31d17864e9111694501.png\",\"storage\":\"store\",\"metadata\":{\"filename\":\"image_processing20231113-15941-ew8485.png\",\"size\":66445,\"mime_type\":null}},\"medium\":{\"id\":\"category/40/image/medium-813a088b32b3fb615334c3b7fddbba69.png\",\"storage\":\"store\",\"metadata\":{\"filename\":\"image_processing20231113-15941-h7xtgo.png\",\"size\":250155,\"mime_type\":null}},\"large\":{\"id\":\"category/40/image/large-f17d07b5043eecb25fcd34610426599a.png\",\"storage\":\"store\",\"metadata\":{\"filename\":\"image_processing20231113-15941-16mzo4.png\",\"size\":434098,\"mime_type\":null}}}}','{\"id\":\"category/40/image2/f9751d8e6a64008a8b58121965e2a107.png\",\"storage\":\"store\",\"metadata\":{\"filename\":\"6skksbXs.png\",\"size\":1105809,\"mime_type\":\"image/png\"},\"derivatives\":{\"small\":{\"id\":\"category/40/image2/small-ac73693dae3ca59bba88509449991b3b.png\",\"storage\":\"store\",\"metadata\":{\"filename\":\"image_processing20231113-15941-owyyj9.png\",\"size\":113870,\"mime_type\":null}},\"medium\":{\"id\":\"category/40/image2/medium-adc7b9ebd58aab69ed4dd54089f28cdb.png\",\"storage\":\"store\",\"metadata\":{\"filename\":\"image_processing20231113-15941-l875bd.png\",\"size\":414815,\"mime_type\":null}},\"large\":{\"id\":\"category/40/image2/large-adda9c4b75a79651b3d9c6aefa93eeef.png\",\"storage\":\"store\",\"metadata\":{\"filename\":\"image_processing20231113-15941-plpd7e.png\",\"size\":698241,\"mime_type\":null}}}}','instruments'),(41,'Why & why',1,'2023-11-10 06:55:52.107395','2023-11-13 12:22:46.525862',0,'why_why','{\"id\":\"category/41/image/8a887d70f1df2a048c15f5c90ef1efbb.png\",\"storage\":\"store\",\"metadata\":{\"filename\":\"Rectangle 4949.png\",\"size\":1920830,\"mime_type\":\"image/png\"},\"derivatives\":{\"small\":{\"id\":\"category/41/image/small-621f8755fa9d6c09c796f362b427dea8.png\",\"storage\":\"store\",\"metadata\":{\"filename\":\"image_processing20231113-15283-wggh4g.png\",\"size\":71843,\"mime_type\":null}},\"medium\":{\"id\":\"category/41/image/medium-cccad999840418e5afe682d89ecd2294.png\",\"storage\":\"store\",\"metadata\":{\"filename\":\"image_processing20231113-15283-urq264.png\",\"size\":244316,\"mime_type\":null}},\"large\":{\"id\":\"category/41/image/large-a42969007ce916f37b09aebe8c0fd69d.png\",\"storage\":\"store\",\"metadata\":{\"filename\":\"image_processing20231113-15283-jdbqyf.png\",\"size\":397101,\"mime_type\":null}}}}','{\"id\":\"category/41/image2/8a3e3e4742133c64b3e7b15214da4614.png\",\"storage\":\"store\",\"metadata\":{\"filename\":\"6skksbXs.png\",\"size\":1105809,\"mime_type\":\"image/png\"},\"derivatives\":{\"small\":{\"id\":\"category/41/image2/small-6faf68f1cb69f4a3fa58960a40b9ca04.png\",\"storage\":\"store\",\"metadata\":{\"filename\":\"image_processing20231113-15941-t4ntf6.png\",\"size\":113870,\"mime_type\":null}},\"medium\":{\"id\":\"category/41/image2/medium-c33365e7068d91df0b83516b20bbf2d9.png\",\"storage\":\"store\",\"metadata\":{\"filename\":\"image_processing20231113-15941-bxleq9.png\",\"size\":414815,\"mime_type\":null}},\"large\":{\"id\":\"category/41/image2/large-8d4afc2eaec9aeac80266f8501be3bce.png\",\"storage\":\"store\",\"metadata\":{\"filename\":\"image_processing20231113-15941-fxnouq.png\",\"size\":698241,\"mime_type\":null}}}}','why-why');
/*!40000 ALTER TABLE `categories` ENABLE KEYS */;
UNLOCK TABLES;

--
-- Table structure for table `category_images`
--

DROP TABLE IF EXISTS `category_images`;
/*!40101 SET @saved_cs_client     = @@character_set_client */;
/*!50503 SET character_set_client = utf8mb4 */;
CREATE TABLE `category_images` (
  `id` bigint NOT NULL AUTO_INCREMENT,
  `category_id` bigint NOT NULL,
  `image_data` text,
  `priority` int DEFAULT '0',
  `created_at` datetime(6) NOT NULL,
  `updated_at` datetime(6) NOT NULL,
  PRIMARY KEY (`id`),
  KEY `index_category_images_on_category_id` (`category_id`),
  CONSTRAINT `fk_rails_b84b5d5efe` FOREIGN KEY (`category_id`) REFERENCES `categories` (`id`)
) ENGINE=InnoDB AUTO_INCREMENT=69 DEFAULT CHARSET=utf8mb4 COLLATE=utf8mb4_0900_ai_ci;
/*!40101 SET character_set_client = @saved_cs_client */;

--
-- Dumping data for table `category_images`
--

LOCK TABLES `category_images` WRITE;
/*!40000 ALTER TABLE `category_images` DISABLE KEYS */;
INSERT INTO `category_images` VALUES (50,37,'{\"id\":\"categoryimage/50/image/b4a1704f86a53948e1a9e8104f9365c0.png\",\"storage\":\"store\",\"metadata\":{\"filename\":\"download (6) 1.png\",\"size\":1094742,\"mime_type\":\"image/png\"},\"derivatives\":{\"small\":{\"id\":\"categoryimage/50/image/small-8ead2f90e522865935ca70f2d7f5c666.png\",\"storage\":\"store\",\"metadata\":{\"filename\":\"image_processing20231113-10436-i1e54j.png\",\"size\":166001,\"mime_type\":null}},\"medium\":{\"id\":\"categoryimage/50/image/medium-5b6fd472397722551a19376abadf8671.png\",\"storage\":\"store\",\"metadata\":{\"filename\":\"image_processing20231113-10436-qt4z1q.png\",\"size\":653991,\"mime_type\":null}},\"large\":{\"id\":\"categoryimage/50/image/large-1ebbec4de734821ca23501a7d1473351.png\",\"storage\":\"store\",\"metadata\":{\"filename\":\"image_processing20231113-10436-sllyzo.png\",\"size\":1108788,\"mime_type\":null}}}}',0,'2023-11-13 10:55:59.180662','2023-11-13 10:56:00.603293'),(51,37,'{\"id\":\"categoryimage/51/image/37c120842aab37da0904467db0fb28ba.png\",\"storage\":\"store\",\"metadata\":{\"filename\":\"download (7).png\",\"size\":996028,\"mime_type\":\"image/png\"},\"derivatives\":{\"small\":{\"id\":\"categoryimage/51/image/small-7f3ad95de3e300b67885e3ea3c36bbfa.png\",\"storage\":\"store\",\"metadata\":{\"filename\":\"image_processing20231113-10436-nd7njl.png\",\"size\":152282,\"mime_type\":null}},\"medium\":{\"id\":\"categoryimage/51/image/medium-015a2ad1568110871c571a51e6af0535.png\",\"storage\":\"store\",\"metadata\":{\"filename\":\"image_processing20231113-10436-30xp0h.png\",\"size\":583959,\"mime_type\":null}},\"large\":{\"id\":\"categoryimage/51/image/large-a1116fc6441d25366f90884bca2ee815.png\",\"storage\":\"store\",\"metadata\":{\"filename\":\"image_processing20231113-10436-bkp8ei.png\",\"size\":994681,\"mime_type\":null}}}}',0,'2023-11-13 10:56:00.626803','2023-11-13 10:56:01.794720'),(52,37,'{\"id\":\"categoryimage/52/image/e0d87594899ec99701c0628552dc0a6b.png\",\"storage\":\"store\",\"metadata\":{\"filename\":\"download (9).png\",\"size\":993916,\"mime_type\":\"image/png\"},\"derivatives\":{\"small\":{\"id\":\"categoryimage/52/image/small-d04ab83d04758677b2d60015ce4e0322.png\",\"storage\":\"store\",\"metadata\":{\"filename\":\"image_processing20231113-10436-2c1b1k.png\",\"size\":158097,\"mime_type\":null}},\"medium\":{\"id\":\"categoryimage/52/image/medium-74046d2aa923d1f569dfc25629197b30.png\",\"storage\":\"store\",\"metadata\":{\"filename\":\"image_processing20231113-10436-q3gcgf.png\",\"size\":598639,\"mime_type\":null}},\"large\":{\"id\":\"categoryimage/52/image/large-afccf8308d4c0fbfb1fcfa367eecd6f4.png\",\"storage\":\"store\",\"metadata\":{\"filename\":\"image_processing20231113-10436-hxdesl.png\",\"size\":981198,\"mime_type\":null}}}}',0,'2023-11-13 10:56:01.818537','2023-11-13 10:56:03.043848'),(53,37,'{\"id\":\"categoryimage/53/image/ff9e264f133d3012acc35ea797c93b57.png\",\"storage\":\"store\",\"metadata\":{\"filename\":\"download (10).png\",\"size\":898504,\"mime_type\":\"image/png\"},\"derivatives\":{\"small\":{\"id\":\"categoryimage/53/image/small-c932e6b27c0523f5fb69fef82da218e2.png\",\"storage\":\"store\",\"metadata\":{\"filename\":\"image_processing20231113-10436-7zoh6o.png\",\"size\":137873,\"mime_type\":null}},\"medium\":{\"id\":\"categoryimage/53/image/medium-1a14893eb2ef567a2603b1b064c6db56.png\",\"storage\":\"store\",\"metadata\":{\"filename\":\"image_processing20231113-10436-kop1u2.png\",\"size\":530762,\"mime_type\":null}},\"large\":{\"id\":\"categoryimage/53/image/large-e140b9fdc50380eb3adf090eb7e00f49.png\",\"storage\":\"store\",\"metadata\":{\"filename\":\"image_processing20231113-10436-f9rkdl.png\",\"size\":892218,\"mime_type\":null}}}}',0,'2023-11-13 10:56:03.065983','2023-11-13 10:56:04.261467'),(54,37,'{\"id\":\"categoryimage/54/image/e45ae507abb7a26d49243fd698e96344.png\",\"storage\":\"store\",\"metadata\":{\"filename\":\"download (11).png\",\"size\":995582,\"mime_type\":\"image/png\"},\"derivatives\":{\"small\":{\"id\":\"categoryimage/54/image/small-1719eb6037b8ee729853d628965be9e5.png\",\"storage\":\"store\",\"metadata\":{\"filename\":\"image_processing20231113-10436-kixm50.png\",\"size\":151621,\"mime_type\":null}},\"medium\":{\"id\":\"categoryimage/54/image/medium-e7094e8bce7a9a90d946ceebe0b661c0.png\",\"storage\":\"store\",\"metadata\":{\"filename\":\"image_processing20231113-10436-8wpavi.png\",\"size\":581250,\"mime_type\":null}},\"large\":{\"id\":\"categoryimage/54/image/large-7da05eacfe37e4516e882d7570f74133.png\",\"storage\":\"store\",\"metadata\":{\"filename\":\"image_processing20231113-10436-jflwi5.png\",\"size\":993144,\"mime_type\":null}}}}',0,'2023-11-13 10:56:04.278880','2023-11-13 10:56:05.414129'),(55,38,'{\"id\":\"categoryimage/55/image/80097c92e7a4d628e7c1bc13868e9dc9.png\",\"storage\":\"store\",\"metadata\":{\"filename\":\"download (6) 1.png\",\"size\":1094742,\"mime_type\":\"image/png\"},\"derivatives\":{\"small\":{\"id\":\"categoryimage/55/image/small-bf2693d793b59223a351b09bf7859ae6.png\",\"storage\":\"store\",\"metadata\":{\"filename\":\"image_processing20231113-10436-5uo6fy.png\",\"size\":166001,\"mime_type\":null}},\"medium\":{\"id\":\"categoryimage/55/image/medium-542eb28af6f252fa70ac482326de0db7.png\",\"storage\":\"store\",\"metadata\":{\"filename\":\"image_processing20231113-10436-3uis4w.png\",\"size\":653991,\"mime_type\":null}},\"large\":{\"id\":\"categoryimage/55/image/large-eca594e5de65c5b0b2f5be07f8355ec8.png\",\"storage\":\"store\",\"metadata\":{\"filename\":\"image_processing20231113-10436-pk2jkw.png\",\"size\":1108788,\"mime_type\":null}}}}',0,'2023-11-13 10:56:17.174062','2023-11-13 10:56:18.388741'),(56,38,'{\"id\":\"categoryimage/56/image/b7a389dbd92a2006cf350f0490dd4ee9.png\",\"storage\":\"store\",\"metadata\":{\"filename\":\"download (7).png\",\"size\":996028,\"mime_type\":\"image/png\"},\"derivatives\":{\"small\":{\"id\":\"categoryimage/56/image/small-9a233a62c6f3e5ae2386bab673929f13.png\",\"storage\":\"store\",\"metadata\":{\"filename\":\"image_processing20231113-10436-ar7c1a.png\",\"size\":152282,\"mime_type\":null}},\"medium\":{\"id\":\"categoryimage/56/image/medium-c7ebfc207fade328903881014de89744.png\",\"storage\":\"store\",\"metadata\":{\"filename\":\"image_processing20231113-10436-ujvwkz.png\",\"size\":583959,\"mime_type\":null}},\"large\":{\"id\":\"categoryimage/56/image/large-225efc902e06c9c6bd71c662c5ae76ad.png\",\"storage\":\"store\",\"metadata\":{\"filename\":\"image_processing20231113-10436-b7sod8.png\",\"size\":994681,\"mime_type\":null}}}}',0,'2023-11-13 10:56:18.409991','2023-11-13 10:56:19.586359'),(57,38,'{\"id\":\"categoryimage/57/image/d968d5b783d90900c0fdf56897b99e43.png\",\"storage\":\"store\",\"metadata\":{\"filename\":\"download (9).png\",\"size\":993916,\"mime_type\":\"image/png\"},\"derivatives\":{\"small\":{\"id\":\"categoryimage/57/image/small-6d230c47025eaa88748599ab0a4b8c4c.png\",\"storage\":\"store\",\"metadata\":{\"filename\":\"image_processing20231113-10436-fuyjde.png\",\"size\":158097,\"mime_type\":null}},\"medium\":{\"id\":\"categoryimage/57/image/medium-12fe41e112a5a589713bb8886d1eb737.png\",\"storage\":\"store\",\"metadata\":{\"filename\":\"image_processing20231113-10436-iq676z.png\",\"size\":598639,\"mime_type\":null}},\"large\":{\"id\":\"categoryimage/57/image/large-8fa7b63232376873a4c137666ac66638.png\",\"storage\":\"store\",\"metadata\":{\"filename\":\"image_processing20231113-10436-951v3g.png\",\"size\":981198,\"mime_type\":null}}}}',0,'2023-11-13 10:56:19.614878','2023-11-13 10:56:20.785786'),(58,38,'{\"id\":\"categoryimage/58/image/735d1382460ea3df7d72afedc27a5841.png\",\"storage\":\"store\",\"metadata\":{\"filename\":\"download (10).png\",\"size\":898504,\"mime_type\":\"image/png\"},\"derivatives\":{\"small\":{\"id\":\"categoryimage/58/image/small-615b700409fa4ae3965dd9ae9dac980b.png\",\"storage\":\"store\",\"metadata\":{\"filename\":\"image_processing20231113-10436-6bp5em.png\",\"size\":137873,\"mime_type\":null}},\"medium\":{\"id\":\"categoryimage/58/image/medium-73eed343a2637b275871c1fd1397ab51.png\",\"storage\":\"store\",\"metadata\":{\"filename\":\"image_processing20231113-10436-3yq4ka.png\",\"size\":530762,\"mime_type\":null}},\"large\":{\"id\":\"categoryimage/58/image/large-5036b10cc7ef5e7cd1653e8ed460dd72.png\",\"storage\":\"store\",\"metadata\":{\"filename\":\"image_processing20231113-10436-ujqn6w.png\",\"size\":892218,\"mime_type\":null}}}}',0,'2023-11-13 10:56:20.806089','2023-11-13 10:56:22.029875'),(59,39,'{\"id\":\"categoryimage/59/image/ec7173c95e4372fe35b23e122d6f63bb.png\",\"storage\":\"store\",\"metadata\":{\"filename\":\"download (6) 1.png\",\"size\":1094742,\"mime_type\":\"image/png\"},\"derivatives\":{\"small\":{\"id\":\"categoryimage/59/image/small-9e4976443b001c80c9ef712163625ad2.png\",\"storage\":\"store\",\"metadata\":{\"filename\":\"image_processing20231113-10436-iusaoq.png\",\"size\":166001,\"mime_type\":null}},\"medium\":{\"id\":\"categoryimage/59/image/medium-4519b383f5c7d6214a7ab88b4bdd9fff.png\",\"storage\":\"store\",\"metadata\":{\"filename\":\"image_processing20231113-10436-e7x392.png\",\"size\":653991,\"mime_type\":null}},\"large\":{\"id\":\"categoryimage/59/image/large-6a08b0069bf4ee4507df5de85d57d33f.png\",\"storage\":\"store\",\"metadata\":{\"filename\":\"image_processing20231113-10436-xduw83.png\",\"size\":1108788,\"mime_type\":null}}}}',0,'2023-11-13 10:56:31.940047','2023-11-13 10:56:33.144967'),(60,39,'{\"id\":\"categoryimage/60/image/f959a4fca88e01a4f0ad5fe670c21811.png\",\"storage\":\"store\",\"metadata\":{\"filename\":\"download (7).png\",\"size\":996028,\"mime_type\":\"image/png\"},\"derivatives\":{\"small\":{\"id\":\"categoryimage/60/image/small-c1554063859c9286b44ed21c43ace19c.png\",\"storage\":\"store\",\"metadata\":{\"filename\":\"image_processing20231113-10436-4b714t.png\",\"size\":152282,\"mime_type\":null}},\"medium\":{\"id\":\"categoryimage/60/image/medium-d331b0c83b5c964434a34710c3c18749.png\",\"storage\":\"store\",\"metadata\":{\"filename\":\"image_processing20231113-10436-64u900.png\",\"size\":583959,\"mime_type\":null}},\"large\":{\"id\":\"categoryimage/60/image/large-7cf3a61f93ecd97af64319584bf48792.png\",\"storage\":\"store\",\"metadata\":{\"filename\":\"image_processing20231113-10436-8hsgbs.png\",\"size\":994681,\"mime_type\":null}}}}',0,'2023-11-13 10:56:33.167476','2023-11-13 10:56:34.337310'),(61,39,'{\"id\":\"categoryimage/61/image/293eefb89b91f199cddc88e877c8588b.png\",\"storage\":\"store\",\"metadata\":{\"filename\":\"download (9).png\",\"size\":993916,\"mime_type\":\"image/png\"},\"derivatives\":{\"small\":{\"id\":\"categoryimage/61/image/small-77a15dfec3e9e5a0a0be393c313daff5.png\",\"storage\":\"store\",\"metadata\":{\"filename\":\"image_processing20231113-10436-uoibkq.png\",\"size\":158097,\"mime_type\":null}},\"medium\":{\"id\":\"categoryimage/61/image/medium-54453aa260a38f1edd5a2936c9adaec1.png\",\"storage\":\"store\",\"metadata\":{\"filename\":\"image_processing20231113-10436-x7gwl6.png\",\"size\":598639,\"mime_type\":null}},\"large\":{\"id\":\"categoryimage/61/image/large-db1e181fdb5d68dd2b3dd4e63c8c992a.png\",\"storage\":\"store\",\"metadata\":{\"filename\":\"image_processing20231113-10436-bjyam9.png\",\"size\":981198,\"mime_type\":null}}}}',0,'2023-11-13 10:56:34.357706','2023-11-13 10:56:35.603462'),(62,39,'{\"id\":\"categoryimage/62/image/94f912ac03006ccdabf7592f9afe290c.png\",\"storage\":\"store\",\"metadata\":{\"filename\":\"download (10).png\",\"size\":898504,\"mime_type\":\"image/png\"},\"derivatives\":{\"small\":{\"id\":\"categoryimage/62/image/small-edf4ac2a018de04e354aa83fdb88a1c4.png\",\"storage\":\"store\",\"metadata\":{\"filename\":\"image_processing20231113-10436-qjt3c9.png\",\"size\":137873,\"mime_type\":null}},\"medium\":{\"id\":\"categoryimage/62/image/medium-c796cad8df2e50fa153a2deddd10e4ab.png\",\"storage\":\"store\",\"metadata\":{\"filename\":\"image_processing20231113-10436-y2v8g.png\",\"size\":530762,\"mime_type\":null}},\"large\":{\"id\":\"categoryimage/62/image/large-43b9f6c987e47d8d3b4ced8b0f719b66.png\",\"storage\":\"store\",\"metadata\":{\"filename\":\"image_processing20231113-10436-jnmine.png\",\"size\":892218,\"mime_type\":null}}}}',0,'2023-11-13 10:56:35.641797','2023-11-13 10:56:36.839417'),(63,39,'{\"id\":\"categoryimage/63/image/56885e62d6b2485fe958a4dd14af11b9.png\",\"storage\":\"store\",\"metadata\":{\"filename\":\"download (11).png\",\"size\":995582,\"mime_type\":\"image/png\"},\"derivatives\":{\"small\":{\"id\":\"categoryimage/63/image/small-80e8c7de115b51d6ace52edf54dde17d.png\",\"storage\":\"store\",\"metadata\":{\"filename\":\"image_processing20231113-10436-62fddn.png\",\"size\":151621,\"mime_type\":null}},\"medium\":{\"id\":\"categoryimage/63/image/medium-05444d7394e43d3167150d84a08b870e.png\",\"storage\":\"store\",\"metadata\":{\"filename\":\"image_processing20231113-10436-s44r90.png\",\"size\":581250,\"mime_type\":null}},\"large\":{\"id\":\"categoryimage/63/image/large-4319b92dd0b293813e047ec91cc12905.png\",\"storage\":\"store\",\"metadata\":{\"filename\":\"image_processing20231113-10436-uq855s.png\",\"size\":993144,\"mime_type\":null}}}}',0,'2023-11-13 10:56:36.864186','2023-11-13 10:56:38.038667'),(64,40,'{\"id\":\"categoryimage/64/image/c72c80fd2bdc22a20aff8e4b863f0976.png\",\"storage\":\"store\",\"metadata\":{\"filename\":\"download (9).png\",\"size\":993916,\"mime_type\":\"image/png\"},\"derivatives\":{\"small\":{\"id\":\"categoryimage/64/image/small-e4498b50817349d7db77990088d21567.png\",\"storage\":\"store\",\"metadata\":{\"filename\":\"image_processing20231113-10436-dma45h.png\",\"size\":158097,\"mime_type\":null}},\"medium\":{\"id\":\"categoryimage/64/image/medium-0423afe135e0ba2330364087f3080fd2.png\",\"storage\":\"store\",\"metadata\":{\"filename\":\"image_processing20231113-10436-z8icph.png\",\"size\":598639,\"mime_type\":null}},\"large\":{\"id\":\"categoryimage/64/image/large-0fba3776f7cfd1c644f11241313257ef.png\",\"storage\":\"store\",\"metadata\":{\"filename\":\"image_processing20231113-10436-in8cfe.png\",\"size\":981198,\"mime_type\":null}}}}',0,'2023-11-13 10:56:54.618568','2023-11-13 10:56:57.150900'),(65,40,'{\"id\":\"categoryimage/65/image/3d0e2dccf7ac92ab2047db028ac4e062.png\",\"storage\":\"store\",\"metadata\":{\"filename\":\"download (10).png\",\"size\":898504,\"mime_type\":\"image/png\"},\"derivatives\":{\"small\":{\"id\":\"categoryimage/65/image/small-92397d359acbf0d2c31464951c197178.png\",\"storage\":\"store\",\"metadata\":{\"filename\":\"image_processing20231113-10436-47h91d.png\",\"size\":137873,\"mime_type\":null}},\"medium\":{\"id\":\"categoryimage/65/image/medium-adb9ecf89c649ed4745a30344e5beac1.png\",\"storage\":\"store\",\"metadata\":{\"filename\":\"image_processing20231113-10436-sddzma.png\",\"size\":530762,\"mime_type\":null}},\"large\":{\"id\":\"categoryimage/65/image/large-86ff3b84a2a53345716a4fa204167888.png\",\"storage\":\"store\",\"metadata\":{\"filename\":\"image_processing20231113-10436-vlxixe.png\",\"size\":892218,\"mime_type\":null}}}}',0,'2023-11-13 10:56:57.168948','2023-11-13 10:56:58.756460'),(66,40,'{\"id\":\"categoryimage/66/image/e600d651b13fefab9e4c53957c5a368f.png\",\"storage\":\"store\",\"metadata\":{\"filename\":\"download (11).png\",\"size\":995582,\"mime_type\":\"image/png\"},\"derivatives\":{\"small\":{\"id\":\"categoryimage/66/image/small-4304725080417b4633ea18b668d28608.png\",\"storage\":\"store\",\"metadata\":{\"filename\":\"image_processing20231113-10436-5w80ps.png\",\"size\":151621,\"mime_type\":null}},\"medium\":{\"id\":\"categoryimage/66/image/medium-346ad5823fd3eed9de5e543e75c45a84.png\",\"storage\":\"store\",\"metadata\":{\"filename\":\"image_processing20231113-10436-hfhswm.png\",\"size\":581250,\"mime_type\":null}},\"large\":{\"id\":\"categoryimage/66/image/large-7895c0d41d570c6cf8f27b0040f5728d.png\",\"storage\":\"store\",\"metadata\":{\"filename\":\"image_processing20231113-10436-8f5lre.png\",\"size\":993144,\"mime_type\":null}}}}',0,'2023-11-13 10:56:58.785126','2023-11-13 10:57:01.084793'),(67,41,'{\"id\":\"categoryimage/67/image/c4817934a648057576429432268fdd16.png\",\"storage\":\"store\",\"metadata\":{\"filename\":\"download (9).png\",\"size\":993916,\"mime_type\":\"image/png\"},\"derivatives\":{\"small\":{\"id\":\"categoryimage/67/image/small-17f9be3c99417d9fc5bcd2c6bf96d855.png\",\"storage\":\"store\",\"metadata\":{\"filename\":\"image_processing20231113-10436-4t6o99.png\",\"size\":158097,\"mime_type\":null}},\"medium\":{\"id\":\"categoryimage/67/image/medium-b490c50a51d3a8af8e415e4cf6945243.png\",\"storage\":\"store\",\"metadata\":{\"filename\":\"image_processing20231113-10436-hpheu8.png\",\"size\":598639,\"mime_type\":null}},\"large\":{\"id\":\"categoryimage/67/image/large-62b4384a7c858378c0b5f1c071ee0fab.png\",\"storage\":\"store\",\"metadata\":{\"filename\":\"image_processing20231113-10436-np4ifw.png\",\"size\":981198,\"mime_type\":null}}}}',0,'2023-11-13 10:57:13.005290','2023-11-13 10:57:14.400079'),(68,41,'{\"id\":\"categoryimage/68/image/559394c6477578f5b524f5de90673caa.png\",\"storage\":\"store\",\"metadata\":{\"filename\":\"download (10).png\",\"size\":898504,\"mime_type\":\"image/png\"},\"derivatives\":{\"small\":{\"id\":\"categoryimage/68/image/small-1fa2a8a0993f1bf314848350a042bd61.png\",\"storage\":\"store\",\"metadata\":{\"filename\":\"image_processing20231113-10436-l3h2pq.png\",\"size\":137873,\"mime_type\":null}},\"medium\":{\"id\":\"categoryimage/68/image/medium-8ffc059b81d0dd6ae24c3983e80b7bb0.png\",\"storage\":\"store\",\"metadata\":{\"filename\":\"image_processing20231113-10436-4wt438.png\",\"size\":530762,\"mime_type\":null}},\"large\":{\"id\":\"categoryimage/68/image/large-cd2bede04b643e0265129978d92142c5.png\",\"storage\":\"store\",\"metadata\":{\"filename\":\"image_processing20231113-10436-29ulww.png\",\"size\":892218,\"mime_type\":null}}}}',0,'2023-11-13 10:57:14.432638','2023-11-13 10:57:15.638434');
/*!40000 ALTER TABLE `category_images` ENABLE KEYS */;
UNLOCK TABLES;

--
-- Table structure for table `clientele_images`
--

DROP TABLE IF EXISTS `clientele_images`;
/*!40101 SET @saved_cs_client     = @@character_set_client */;
/*!50503 SET character_set_client = utf8mb4 */;
CREATE TABLE `clientele_images` (
  `id` bigint NOT NULL AUTO_INCREMENT,
  `image_data` text,
  `active` tinyint(1) DEFAULT NULL,
  `priority` int DEFAULT NULL,
  `created_at` datetime(6) NOT NULL,
  `updated_at` datetime(6) NOT NULL,
  PRIMARY KEY (`id`)
) ENGINE=InnoDB AUTO_INCREMENT=4 DEFAULT CHARSET=utf8mb4 COLLATE=utf8mb4_0900_ai_ci;
/*!40101 SET character_set_client = @saved_cs_client */;

--
-- Dumping data for table `clientele_images`
--

LOCK TABLES `clientele_images` WRITE;
/*!40000 ALTER TABLE `clientele_images` DISABLE KEYS */;
INSERT INTO `clientele_images` VALUES (1,'{\"id\":\"clienteleimage/1/image/51be141d744a0451a1df31714dd062ff.png\",\"storage\":\"store\",\"metadata\":{\"filename\":\"laspen-logo.png\",\"size\":9534,\"mime_type\":\"image/png\"},\"derivatives\":{\"small\":{\"id\":\"clienteleimage/1/image/small-b3fc9ec9e3d98f13ca33d1ddf47a92c8.png\",\"storage\":\"store\",\"metadata\":{\"filename\":\"image_processing20231114-34587-me5xsp.png\",\"size\":6569,\"mime_type\":null}},\"medium\":{\"id\":\"clienteleimage/1/image/medium-818e9524388ef2b915cf6272cd935edc.png\",\"storage\":\"store\",\"metadata\":{\"filename\":\"image_processing20231114-34587-dhufo4.png\",\"size\":6569,\"mime_type\":null}},\"large\":{\"id\":\"clienteleimage/1/image/large-c13dc1943d05f10a7401b00dfa13b38c.png\",\"storage\":\"store\",\"metadata\":{\"filename\":\"image_processing20231114-34587-fndgcz.png\",\"size\":6569,\"mime_type\":null}}}}',1,3,'2023-11-14 09:01:56.152043','2023-11-14 09:04:31.840602'),(2,'{\"id\":\"clienteleimage/2/image/075b89bb2ee5fc3b79bd512b44be0b4f.png\",\"storage\":\"store\",\"metadata\":{\"filename\":\"n-logo.png\",\"size\":6542,\"mime_type\":\"image/png\"},\"derivatives\":{\"small\":{\"id\":\"clienteleimage/2/image/small-2d7ffa69529451428397748c5bb1196a.png\",\"storage\":\"store\",\"metadata\":{\"filename\":\"image_processing20231114-34587-3i4tvb.png\",\"size\":5158,\"mime_type\":null}},\"medium\":{\"id\":\"clienteleimage/2/image/medium-c610dd6cacbebbf3fb3ee0ed1d7b3e03.png\",\"storage\":\"store\",\"metadata\":{\"filename\":\"image_processing20231114-34587-j4ojg0.png\",\"size\":5158,\"mime_type\":null}},\"large\":{\"id\":\"clienteleimage/2/image/large-9ad9a2ef48b42912ce06f00dd29f8ec4.png\",\"storage\":\"store\",\"metadata\":{\"filename\":\"image_processing20231114-34587-qrry0f.png\",\"size\":5158,\"mime_type\":null}}}}',1,2,'2023-11-14 09:02:23.880214','2023-11-14 09:04:31.829602'),(3,'{\"id\":\"clienteleimage/3/image/67700e551724baf4244e3e44d5ae0e43.png\",\"storage\":\"store\",\"metadata\":{\"filename\":\"pixie-logo.png\",\"size\":14867,\"mime_type\":\"image/png\"},\"derivatives\":{\"small\":{\"id\":\"clienteleimage/3/image/small-8e9d7aeddc65388868af6e97acd2e355.png\",\"storage\":\"store\",\"metadata\":{\"filename\":\"image_processing20231114-34587-6u694x.png\",\"size\":10096,\"mime_type\":null}},\"medium\":{\"id\":\"clienteleimage/3/image/medium-8b32e497f08fcaafcc3b616e1a090cdb.png\",\"storage\":\"store\",\"metadata\":{\"filename\":\"image_processing20231114-34587-6rpprz.png\",\"size\":10096,\"mime_type\":null}},\"large\":{\"id\":\"clienteleimage/3/image/large-c41a3b72a06ea0acca1b9b6d78dfff1f.png\",\"storage\":\"store\",\"metadata\":{\"filename\":\"image_processing20231114-34587-ju1l6v.png\",\"size\":10096,\"mime_type\":null}}}}',1,1,'2023-11-14 09:02:31.925200','2023-11-14 09:04:30.849945');
/*!40000 ALTER TABLE `clientele_images` ENABLE KEYS */;
UNLOCK TABLES;

--
-- Table structure for table `header_images`
--

DROP TABLE IF EXISTS `header_images`;
/*!40101 SET @saved_cs_client     = @@character_set_client */;
/*!50503 SET character_set_client = utf8mb4 */;
CREATE TABLE `header_images` (
  `id` bigint NOT NULL AUTO_INCREMENT,
  `name` varchar(255) DEFAULT NULL,
  `description` varchar(255) DEFAULT NULL,
  `active` tinyint(1) DEFAULT '1',
  `image_data` text,
  `created_at` datetime(6) NOT NULL,
  `updated_at` datetime(6) NOT NULL,
  PRIMARY KEY (`id`)
) ENGINE=InnoDB AUTO_INCREMENT=3 DEFAULT CHARSET=utf8mb4 COLLATE=utf8mb4_0900_ai_ci;
/*!40101 SET character_set_client = @saved_cs_client */;

--
-- Dumping data for table `header_images`
--

LOCK TABLES `header_images` WRITE;
/*!40000 ALTER TABLE `header_images` DISABLE KEYS */;
INSERT INTO `header_images` VALUES (2,'','',1,'{\"id\":\"headerimage/2/image/742f3d38790c4602656005d64f30467e.png\",\"storage\":\"store\",\"metadata\":{\"filename\":\"Group 9.png\",\"size\":1149408,\"mime_type\":\"image/png\"},\"derivatives\":{\"small\":{\"id\":\"headerimage/2/image/small-740019e142178b01f9eed557cc917eaa.png\",\"storage\":\"store\",\"metadata\":{\"filename\":\"image_processing20231106-13074-dfofx7.png\",\"size\":90530,\"mime_type\":null}},\"medium\":{\"id\":\"headerimage/2/image/medium-6f80c40d62149a6e53de4d3751282464.png\",\"storage\":\"store\",\"metadata\":{\"filename\":\"image_processing20231106-13074-jefee9.png\",\"size\":310896,\"mime_type\":null}},\"large\":{\"id\":\"headerimage/2/image/large-e4b4f608cb49050837c374936d1f128c.png\",\"storage\":\"store\",\"metadata\":{\"filename\":\"image_processing20231106-13074-pyaneb.png\",\"size\":517329,\"mime_type\":null}}}}','2023-11-06 10:11:02.342505','2023-11-06 10:18:09.789397');
/*!40000 ALTER TABLE `header_images` ENABLE KEYS */;
UNLOCK TABLES;

--
-- Table structure for table `permissions`
--

DROP TABLE IF EXISTS `permissions`;
/*!40101 SET @saved_cs_client     = @@character_set_client */;
/*!50503 SET character_set_client = utf8mb4 */;
CREATE TABLE `permissions` (
  `id` bigint NOT NULL AUTO_INCREMENT,
  `name` varchar(255) DEFAULT NULL,
  `description` text,
  `action` varchar(255) DEFAULT NULL,
  `subject_class` varchar(255) DEFAULT NULL,
  `created_at` datetime(6) NOT NULL,
  `updated_at` datetime(6) NOT NULL,
  PRIMARY KEY (`id`)
) ENGINE=InnoDB AUTO_INCREMENT=2 DEFAULT CHARSET=utf8mb3;
/*!40101 SET character_set_client = @saved_cs_client */;

--
-- Dumping data for table `permissions`
--

LOCK TABLES `permissions` WRITE;
/*!40000 ALTER TABLE `permissions` DISABLE KEYS */;
INSERT INTO `permissions` VALUES (1,'All Models','All models have only all operation permission.','manage','all','2023-05-05 12:27:10.343091','2023-08-16 04:10:41.677005');
/*!40000 ALTER TABLE `permissions` ENABLE KEYS */;
UNLOCK TABLES;

--
-- Table structure for table `role_permissions`
--

DROP TABLE IF EXISTS `role_permissions`;
/*!40101 SET @saved_cs_client     = @@character_set_client */;
/*!50503 SET character_set_client = utf8mb4 */;
CREATE TABLE `role_permissions` (
  `id` bigint NOT NULL AUTO_INCREMENT,
  `role_id` bigint NOT NULL,
  `permission_id` bigint NOT NULL,
  `created_at` datetime(6) NOT NULL,
  `updated_at` datetime(6) NOT NULL,
  PRIMARY KEY (`id`),
  KEY `index_role_permissions_on_role_id` (`role_id`),
  KEY `index_role_permissions_on_permission_id` (`permission_id`),
  CONSTRAINT `fk_rails_439e640a3f` FOREIGN KEY (`permission_id`) REFERENCES `permissions` (`id`),
  CONSTRAINT `fk_rails_60126080bd` FOREIGN KEY (`role_id`) REFERENCES `roles` (`id`)
) ENGINE=InnoDB AUTO_INCREMENT=2 DEFAULT CHARSET=utf8mb3;
/*!40101 SET character_set_client = @saved_cs_client */;

--
-- Dumping data for table `role_permissions`
--

LOCK TABLES `role_permissions` WRITE;
/*!40000 ALTER TABLE `role_permissions` DISABLE KEYS */;
INSERT INTO `role_permissions` VALUES (1,1,1,'2023-05-05 12:33:38.279441','2023-08-16 04:08:00.793287');
/*!40000 ALTER TABLE `role_permissions` ENABLE KEYS */;
UNLOCK TABLES;

--
-- Table structure for table `roles`
--

DROP TABLE IF EXISTS `roles`;
/*!40101 SET @saved_cs_client     = @@character_set_client */;
/*!50503 SET character_set_client = utf8mb4 */;
CREATE TABLE `roles` (
  `id` bigint NOT NULL AUTO_INCREMENT,
  `name` varchar(255) DEFAULT NULL,
  `code` varchar(255) DEFAULT NULL,
  `description` text,
  `active` tinyint(1) DEFAULT NULL,
  `created_at` datetime(6) NOT NULL,
  `updated_at` datetime(6) NOT NULL,
  PRIMARY KEY (`id`)
) ENGINE=InnoDB AUTO_INCREMENT=2 DEFAULT CHARSET=utf8mb3;
/*!40101 SET character_set_client = @saved_cs_client */;

--
-- Dumping data for table `roles`
--

LOCK TABLES `roles` WRITE;
/*!40000 ALTER TABLE `roles` DISABLE KEYS */;
INSERT INTO `roles` VALUES (1,'Main Admin','main_admin','Main admin have all permission to access.',1,'2023-08-13 13:22:06.000000','2023-08-13 13:22:06.000000');
/*!40000 ALTER TABLE `roles` ENABLE KEYS */;
UNLOCK TABLES;

--
-- Table structure for table `schema_migrations`
--

DROP TABLE IF EXISTS `schema_migrations`;
/*!40101 SET @saved_cs_client     = @@character_set_client */;
/*!50503 SET character_set_client = utf8mb4 */;
CREATE TABLE `schema_migrations` (
  `version` varchar(255) NOT NULL,
  PRIMARY KEY (`version`)
) ENGINE=InnoDB DEFAULT CHARSET=utf8mb3;
/*!40101 SET character_set_client = @saved_cs_client */;

--
-- Dumping data for table `schema_migrations`
--

LOCK TABLES `schema_migrations` WRITE;
/*!40000 ALTER TABLE `schema_migrations` DISABLE KEYS */;
INSERT INTO `schema_migrations` VALUES ('20230823101655'),('20230823114406'),('20230823114738'),('20230823114903'),('20230823115158'),('20231106073541'),('20231106102010'),('20231106102037'),('20231109073502'),('20231109075425'),('20231109102750'),('20231109103015'),('20231110061629'),('20231110061848'),('20231110070857'),('20231110071200'),('20231113114037'),('20231113120017'),('20231113122111'),('20231113125851'),('20231113144757'),('20231114084313');
/*!40000 ALTER TABLE `schema_migrations` ENABLE KEYS */;
UNLOCK TABLES;

--
-- Table structure for table `users`
--

DROP TABLE IF EXISTS `users`;
/*!40101 SET @saved_cs_client     = @@character_set_client */;
/*!50503 SET character_set_client = utf8mb4 */;
CREATE TABLE `users` (
  `id` bigint NOT NULL AUTO_INCREMENT,
  `email` varchar(255) NOT NULL DEFAULT '',
  `encrypted_password` varchar(255) NOT NULL DEFAULT '',
  `reset_password_token` varchar(255) DEFAULT NULL,
  `reset_password_sent_at` datetime(6) DEFAULT NULL,
  `remember_created_at` datetime(6) DEFAULT NULL,
  `created_at` datetime(6) NOT NULL,
  `updated_at` datetime(6) NOT NULL,
  `role_id` bigint NOT NULL,
  PRIMARY KEY (`id`),
  UNIQUE KEY `index_users_on_email` (`email`),
  UNIQUE KEY `index_users_on_reset_password_token` (`reset_password_token`),
  KEY `index_users_on_role_id` (`role_id`),
  CONSTRAINT `fk_rails_642f17018b` FOREIGN KEY (`role_id`) REFERENCES `roles` (`id`)
) ENGINE=InnoDB AUTO_INCREMENT=2 DEFAULT CHARSET=utf8mb3;
/*!40101 SET character_set_client = @saved_cs_client */;

--
-- Dumping data for table `users`
--

LOCK TABLES `users` WRITE;
/*!40000 ALTER TABLE `users` DISABLE KEYS */;
INSERT INTO `users` VALUES (1,'kartik@tailwebs.com','$2a$12$qBz6ZJ4CWQl4nGavj7Azi.l6GCmEM6H7ehFc3p3yPNPa4nkWdXYWW',NULL,NULL,NULL,'2023-08-23 11:59:10.446955','2023-08-23 11:59:10.446955',1);
/*!40000 ALTER TABLE `users` ENABLE KEYS */;
UNLOCK TABLES;
/*!40103 SET TIME_ZONE=@OLD_TIME_ZONE */;

/*!40101 SET SQL_MODE=@OLD_SQL_MODE */;
/*!40014 SET FOREIGN_KEY_CHECKS=@OLD_FOREIGN_KEY_CHECKS */;
/*!40014 SET UNIQUE_CHECKS=@OLD_UNIQUE_CHECKS */;
/*!40101 SET CHARACTER_SET_CLIENT=@OLD_CHARACTER_SET_CLIENT */;
/*!40101 SET CHARACTER_SET_RESULTS=@OLD_CHARACTER_SET_RESULTS */;
/*!40101 SET COLLATION_CONNECTION=@OLD_COLLATION_CONNECTION */;
/*!40111 SET SQL_NOTES=@OLD_SQL_NOTES */;

-- Dump completed on 2023-11-16 13:03:58
